plant	time	x	y	r_ag	h_ag	r_bg	h_bg	aboveground_resources	belowground_resources	res_ag	res_bg	res_eff	grow	maint	volume	age	salinity	transpiration
Saltmarsh_2_000000001	0.0	1	1	0.05	0.1	0.05	0.1	NaN	NaN	NaN	NaN	NaN	NaN	NaN	NaN	NaN	NaN	NaN
Saltmarsh_2_000000001	86400.0	1	1	0.05172511801953364	0.10345023603906728	0.05383157670415811	0.10766315340831623	1.0	0.11526430398225784	923552.841931713	106452.67551609511	106452.67551609511	0.00027888010706078294	0.0002533832705196927	0.0018496764338556805	86400.0	0.115290246	0.002397180658276962
Saltmarsh_2_000000001	172800.0	1	1	0.05388481071063423	0.10776962142126846	0.058214023893918054	0.11642804778783611	1.0	0.12214299291372299	988381.7571075242	134259.29041142727	134259.29041142727	0.00037292736612359715	0.0002983690859335392	0.0022226037999792786	172800.0	0.113828693	0.002880494524773145
Saltmarsh_2_000000001	259200.0	1	1	0.05652758053675564	0.11305516107351128	0.06314312589013447	0.12628625178026895	1.0	0.1294620782136917	1072641.1738323173	170530.91823741436	170530.91823741436	0.0004941290393369744	0.00035852555185009747	0.002716732839316254	259200.0	0.112349408	0.0035208857597538654
Saltmarsh_2_000000001	345600.0	1	1	0.05968838768363936	0.11937677536727873	0.06860678615307464	0.13721357230614928	1.0	0.1372433304786682	1180436.2430323348	217325.55386394958	217325.55386394958	0.00064839485508905	0.0004382329142306978	0.0033651276944053053	345600.0	0.110852827	0.0043612054919492755
Saltmarsh_2_000000001	432000.0	1	1	0.06338666374849893	0.12677332749699785	0.07458738327106262	0.14917476654212525	1.0	0.14550840854644775	1316138.022862887	277020.8381805343	277020.8381805343	0.000842279480671385	0.0005428247102312866	0.0042074071750766925	432000.0	0.109339396	0.005452799698899394
Saltmarsh_2_000000001	518400.0	1	1	0.0676273982747406	0.1352547965494812	0.08106438948984024	0.16212877897968048	1.0	0.15427856147289276	1484285.7855331658	352346.4935453814	352346.4935453814	0.0010830406652038958	0.0006786918025230112	0.005290447840280591	518400.0	0.107809561	0.006856420401003646
Saltmarsh_2_000000001	604800.0	1	1	0.07240451958888873	0.14480903917777746	0.08801678783284592	0.17603357566569183	1.0	0.16357435286045074	1689534.6383334312	446430.1472879037	446430.1472879037	0.001378754943861265	0.0008533957925782539	0.006669202784141859	604800.0	0.106263777	0.008643286808247849
Saltmarsh_2_000000001	691200.0	1	1	0.07770518396679586	0.15541036793359173	0.09542492644937546	0.19084985289875092	1.0	0.1734153777360916	1936658.708100734	562854.3047544872	562854.3047544872	0.0017384704257058538	0.0010758010980665823	0.008407673209847713	691200.0	0.104702502	0.010896344479962636
Saltmarsh_2_000000001	777600.0	1	1	0.08351372572847225	0.1670274514569445	0.10327165243018412	0.20654330486036823	1.0	0.18381986021995544	2230600.146151312	705719.7690941878	705719.7690941878	0.002172367169198256	0.0013562316762726829	0.010580040379045974	777600.0	0.103126196	0.013711732331243584
Saltmarsh_2_000000001	864000.0	1	1	0.08981458516816895	0.1796291703363379	0.11154277575145007	0.22308555150290013	1.0	0.19480429589748383	2576543.376354627	879711.5570852546	879711.5570852546	0.0026919041679308213	0.0017066536174954513	0.013271944546976798	864000.0	0.101535331	0.017200440132881932
Saltmarsh_2_000000001	950400.0	1	1	0.09659407311698935	0.1931881462339787	0.12022702242545702	0.24045404485091404	1.0	0.20638306438922882	2979994.59963144	1090164.073744501	1090164.073744501	0.0033099389201831342	0.002140881448539371	0.016581883467159934	950400.0	0.099930374	0.021490120973439275
Saltmarsh_2_000000001	1036800.0	1	1	0.10384115432621047	0.20768230865242093	0.12931565973045717	0.25863131946091433	1.0	0.21856799721717834	3446852.501575504	1343123.1368838176	1343123.1368838176	0.00404081196059168	0.0026748037238274085	0.020622695427751622	1036800.0	0.098311802	0.026727013274366104
Saltmarsh_2_000000001	1123200.0	1	1	0.11154752994561187	0.22309505989122375	0.13880193896448337	0.27760387792896674	1.0	0.23136775195598602	3983462.699076694	1645401.536953213	1645401.536953213	0.004900385432549964	0.003326622252216101	0.02552308086030159	1123200.0	0.096680096	0.03307791279495086
Saltmarsh_2_000000001	1209600.0	1	1	0.11970731325691232	0.23941462651382464	0.14868049147245274	0.2973609829449055	1.0	0.24478758871555328	4596652.322538055	2004628.9901180791	2004628.9901180791	0.005906047404712178	0.004117097545878218	0.03142912826501377	1209600.0	0.095035737	0.04073215023145785
Saltmarsh_2_000000001	1296000.0	1	1	0.12831648022635186	0.25663296045270373	0.15894672518621694	0.3178934503724339	1.0	0.2588288187980652	5293746.095540048	2429290.2655855697	2429290.2655855697	0.007076656362452396	0.005069794965475453	0.03850578462746618	1296000.0	0.093379214	0.04990349687719616
Saltmarsh_2_000000001	1382400.0	1	1	0.1373722274289585	0.274744454857917	0.16959626017502888	0.33919252035005776	1.0	0.27348828315734863	6082563.014162502	2928749.0669160862	2928749.0669160862	0.008432423423265414	0.006211321911315016	0.04693820805073161	1382400.0	0.091711018	0.060831917633748164
Saltmarsh_2_000000001	1468800.0	1	1	0.14687232326881766	0.2937446465376353	0.18062442806186982	0.36124885612373964	1.0	0.28875797986984253	6971393.878893531	3513255.1709753545	3513255.1709753545	0.009994729840062918	0.007571546014813855	0.05693293789079454	1468800.0	0.090031641	0.07378508750646973
Saltmarsh_2_000000001	1555200.0	1	1	0.15681449158079416	0.3136289831615883	0.19202583758933747	0.38405167517867494	1.0	0.30462467670440674	7968960.420530544	4193929.857541506	4193929.857541506	0.011785865396068934	0.009183783891638597	0.06871880328686347	1555200.0	0.088341585	0.08905956905977506
Saltmarsh_2_000000001	1641600.0	1	1	0.16719585185133415	0.3343917037026683	0.20379400915933638	0.40758801831867275	1.0	0.3210696280002594	9084355.66377088	4982726.76070068	4982726.76070068	0.013828686107863402	0.011084947695640002	0.08254748939472688	1641600.0	0.086641347	0.10698154625556604
Saltmarsh_2_000000001	1728000.0	1	1	0.1780124198980667	0.3560248397961334	0.21592107056648724	0.4318421411329745	1.0	0.33806827664375305	10326965.759418722	5892362.9445996955	5892362.9445996955	0.016146178265722358	0.013315636457276118	0.09869366766044926	1728000.0	0.084931432	0.12790699328794225
Saltmarsh_2_000000001	1814400.0	1	1	0.18925868779241586	0.37851737558483173	0.22839752442300568	0.45679504884601135	1.0	0.355590283870697	11706372.744029416	6936222.188715408	6936222.188715408	0.01876095384567116	0.01592015709790588	0.11745462150612046	1814400.0	0.083212347	0.1522211894719321
Saltmarsh_2_000000001	1900800.0	1	1	0.2009272540581723	0.4018545081163446	0.24121205677098845	0.4824241135419769	1.0	0.37359920144081116	13232240.619182121	8128217.41373609	8128217.41373609	0.021694623019073964	0.018946464049606485	0.13914924452519445	1900800.0	0.0814846	0.18033742090465202
Saltmarsh_2_000000001	1987200.0	1	1	0.21300853760217014	0.4260170752043403	0.25435141406785106	0.5087028281357021	1.0	0.3920527696609497	14914181.998532299	9482626.109331755	9482626.109331755	0.02496713289139309	0.022445997655265688	0.16411637741658752	1987200.0	0.079748704	0.21269482513189744
Saltmarsh_2_000000001	2073600.0	1	1	0.22549056383523125	0.4509811276704625	0.26780033527007946	0.5356006705401589	1.0	0.4109031856060028	16761611.172685081	11013891.18004035	11013891.18004035	0.028596039998784916	0.026473415901416834	0.19271241741537243	2073600.0	0.078005175	0.2497552929703227
Saltmarsh_2_000000001	2160000.0	1	1	0.23835881739303266	0.4767176347860653	0.2815415318148985	0.563083063629797	1.0	0.43009743094444275	18783585.043728184	12736389.275129361	12736389.275129361	0.03259573757727398	0.031086208798372827	0.2253081549926464	2160000.0	0.076254527	0.29199936887046973
Saltmarsh_2_000000001	2246400.0	1	1	0.2515961522415765	0.503192304483153	0.29555570568081396	0.5911114113616279	1.0	0.44957759976387024	20988634.485406853	14664166.998925803	14664166.998925803	0.036976646882551215	0.036344188112077805	0.26228480187519754	2246400.0	0.07449728	0.33992110323025604
Saltmarsh_2_000000001	2332800.0	1	1	0.26518278234695447	0.5303655646939089	0.3098216237370147	0.6196432474740294	1.0	0.46928173303604126	23384588.411026534	16810665.19268015	16810665.19268015	0.041744479314674884	0.04230884664872586	0.30402928118987244	2332800.0	0.072733955	0.39402194842207466
Saltmarsh_2_000000001	2419200.0	1	1	0.2790963397768264	0.5581926795536528	0.3243162354553145	0.648632470910629	1.0	0.48914462327957153	25978399.213064075	19188428.196746252	19188428.196746252	0.04689954247013036	0.0490425985136009	0.35092882366000283	2419200.0	0.070965075	0.4548037554633637
Saltmarsh_2_000000001	2505600.0	1	1	0.2933119770722203	0.5866239541444406	0.33901481355008034	0.6780296271001607	1.0	0.5090984106063843	28775973.328278787	21808796.784860916	21808796.784860916	0.05243607649429792	0.05660790743000667	0.40336490015430077	2505600.0	0.069191162	0.5227609105999738
Saltmarsh_2_000000001	2592000.0	1	1	0.3078025432999102	0.6156050865998204	0.35389114184968173	0.7077822836993635	1.0	0.5290737748146057	31782008.168298945	24681623.376195643	24681623.376195643	0.058341808874968135	0.06506630800601008	0.4617067090292689	2592000.0	0.067412742	0.5983718949019325
Saltmarsh_2_000000001	2678400.0	1	1	0.32253880617110625	0.6450776123422125	0.3689177271327398	0.7378354542654796	1.0	0.5490008592605591	34999847.20019543	27814994.062267683	27814994.062267683	0.06459761512587789	0.07447735518546053	0.5263043241551468	2678400.0	0.065630345	0.6820904041050704
Saltmarsh_2_000000001	2764800.0	1	1	0.3374897032317533	0.6749794064635066	0.3840660214736658	0.7681320429473316	1.0	0.5688100457191467	38431354.26658166	31214966.05685814	31214966.05685814	0.07117731132001294	0.08489751896427776	0.5974816354751598	2764800.0	0.063844495	0.774336199575807
Saltmarsh_2_000000001	2851200.0	1	1	0.35262264959324185	0.7052452991864837	0.3993066787023143	0.7986133574046286	1.0	0.5884332656860352	42076808.8050952	34885365.845128514	34885365.845128514	0.07804778358510711	0.09637904564053545	0.6755294190602671	2851200.0	0.062055724	0.875486127102106
Saltmarsh_2_000000001	2937600.0	1	1	0.3679038717550493	0.7358077435100986	0.4146098210419737	0.8292196420839474	1.0	0.6078049540519714	45934833.77655746	38827622.22284552	38827622.22284552	0.08516927116091878	0.10896883995330882	0.7606986902211859	2937600.0	0.060264562	0.985865502526657
Saltmarsh_2_000000001	3024000.0	1	1	0.3832987410443494	0.7665974820886988	0.42994529590024705	0.8598905918004941	1.0	0.626862645149231	50002354.75112478	43040631.795829944	43040631.795829944	0.0924957660979985	0.12270739288115123	0.8531944563191842	3024000.0	0.058471539	1.1057400153896628
Saltmarsh_2_000000001	3110400.0	1	1	0.3987721309972357	0.7975442619944714	0.44528294445588645	0.8905658889117729	1.0	0.6455479860305786	54274586.823737785	47520707.806215614	47520707.806215614	0.09997576511557807	0.13762777391550002	0.9531702214347624	3110400.0	0.056677185	1.235308606979452
Saltmarsh_2_000000001	3196800.0	1	1	0.41428878428172683	0.8285775685634537	0.4605928720322452	0.9211857440644904	1.0	0.6638075709342957	58745058.23569861	52261591.034965955	52261591.034965955	0.107553210559454	0.1537547446153758	1.0607234319942163	3196800.0	0.054882034	1.3746975678645044
Saltmarsh_2_000000001	3283200.0	1	1	0.4295572701525216	0.8591145403050432	0.4756369802496743	0.9512739604993486	1.0	0.677348792552948	63405669.505273715	56897954.69552567	56897954.69552567	0.1133857495307597	0.17110402394686863	1.1741091815249758	3283200.0	0.053519678	1.5216454992563688
Saltmarsh_2_000000001	3369600.0	1	1	0.44433105789936705	0.8886621157987341	0.4902111376812708	0.9804222753625416	1.0	0.6864181756973267	68165384.36275902	61327912.88968377	61327912.88968377	0.11724542130764279	0.18939414314077604	1.2913546028326186	3369600.0	0.052590521	1.6735955652710737
Saltmarsh_2_000000001	3456000.0	1	1	0.4586460822882315	0.917292164576463	0.5043414555103083	1.0086829110206166	1.0	0.6953432559967041	72934847.91667348	65836603.451486155	65836603.451486155	0.12087615590002443	0.20830686135740634	1.412230758732643	3456000.0	0.051661777	1.8302510633175055
Saltmarsh_2_000000001	3542400.0	1	1	0.4725322289237198	0.9450644578474396	0.5180507330953712	1.0361014661907424	1.0	0.7041174173355103	77710037.16989902	70416494.21634476	70416494.21634476	0.12427722206747163	0.22780524901425217	1.5365079808001147	3542400.0	0.050733722	1.9913143431169487
Saltmarsh_2_000000001	3628800.0	1	1	0.4860146636577753	0.9720293273155506	0.5313590459184593	1.0627180918369186	1.0	0.7127344608306885	82486829.26345332	75060095.21775888	75060095.21775888	0.12744821751550484	0.24785225857328957	1.6639561983156197	3628800.0	0.04980663	2.1564872330170433
Saltmarsh_2_000000001	3715200.0	1	1	0.49911480589413804	0.9982296117882761	0.5442841970870519	1.0885683941741038	1.0	0.7211886048316956	87261060.28789626	79759954.81500483	79759954.81500483	0.1303889964721695	0.26841077760285464	1.7943451947877898	3715200.0	0.048880775	2.3254713724449756
Saltmarsh_2_000000001	3801600.0	1	1	0.5118510881597239	1.0237021763194478	0.5568420980066396	1.1136841960132793	1.0	0.7294750213623047	92028564.24712412	84508722.19900386	84508722.19900386	0.13309994083803467	0.28944367015698463	1.927445135625824	3801600.0	0.047956433	2.4979688957710677
Saltmarsh_2_000000001	3888000.0	1	1	0.5242394982150314	1.0484789964300627	0.5690470403304303	1.1380940806608606	1.0	0.7375891208648682	96785211.2202898	89299086.23803717	89299086.23803717	0.13558156929654697	0.3109138618936389	2.063026704922371	3888000.0	0.047033877	2.673682609579393
Saltmarsh_2_000000001	3974400.0	1	1	0.5362940366113178	1.0725880732226356	0.5809119483559269	1.1618238967118537	1.0	0.7455272078514099	101526921.77685852	94123857.83297926	94123857.83297926	0.13783492702591454	0.33278436213898177	2.2008616319482854	3974400.0	0.046113381	2.8523166750049778
Saltmarsh_2_000000001	4060800.0	1	1	0.5480270533224902	1.0960541066449805	0.5924485657794973	1.1848971315589947	1.0	0.7532860040664673	106249691.06911258	98975935.73399803	98975935.73399803	0.1398613298543706	0.35501834881561956	2.340722961802656	4060800.0	0.045195218	3.0335769584962424
Saltmarsh_2_000000001	4147200.0	1	1	0.559449524062291	1.118899048124582	0.6036676175948569	1.2073352351897138	1.0	0.7608627676963806	110949598.82754324	103848333.7952945	103848333.7952945	0.14166245687564016	0.37757921210083234	2.4823854186782963	4147200.0	0.044279657	3.217171502607072
Saltmarsh_2_000000001	4233600.0	1	1	0.5705712785905808	1.1411425571811615	0.6145789503942433	1.2291579007884865	1.0	0.768255352973938	115622820.09501982	108734206.75338486	108734206.75338486	0.14324042074243065	0.4004306130244936	2.6256258394207275	4233600.0	0.043366973	3.4028110878892632
Saltmarsh_2_000000001	4320000.0	1	1	0.5814011926164728	1.1628023852329457	0.6251916558508679	1.2503833117017358	1.0	0.77546226978302	120265636.22187716	113626880.04105829	113626880.04105829	0.14459784679934123	0.42353655340595026	2.770223686220069	4320000.0	0.042457436	3.590209897341209
Saltmarsh_2_000000001	4406400.0	1	1	0.5919473244523041	1.1838946489046083	0.6355141572306736	1.2710283144613472	1.0	0.7824822664260864	124874446.70619173	118519811.20478688	118519811.20478688	0.14573759746819848	0.4468614585557359	2.915961283688268	4406400.0	0.041551315	3.779085823659995
Saltmarsh_2_000000001	4492800.0	1	1	0.6022170596243525	1.204434119248705	0.6455543108765005	1.291108621753001	1.0	0.789314866065979	129445770.30145957	123406681.57233898	123406681.57233898	0.14666319234348085	0.47037021551821406	3.062624476031748	4492800.0	0.040648876	3.9691613209371455
Saltmarsh_2_000000001	4579200.0	1	1	0.612217207680807	1.224434415361614	0.6553194723693856	1.3106389447387712	1.0	0.7959598898887634	133976259.4976645	128281350.33981581	128281350.33981581	0.147378472619769	0.49402827907931	3.2100029486515167	4579200.0	0.03975039	4.1601638214523655
Saltmarsh_2_000000001	4665600.0	1	1	0.6219541049117072	1.2439082098234144	0.6648165725186551	1.3296331450373102	1.0	0.8024178147315979	138462702.79700565	133137925.03215642	133137925.03215642	0.14788790151734432	0.5178017236434378	3.357890850168861	4665600.0	0.038856121	4.351826541818844
Saltmarsh_2_000000001	4752000.0	1	1	0.631433669852172	1.262867339704344	0.6740521556980517	1.3481043113961033	1.0	0.8086891770362854	142902036.3153795	137970686.30154443	137970686.30154443	0.14819608793600336	0.5416573435717188	3.506086938104864	4752000.0	0.037966335	4.543888671783904
Saltmarsh_2_000000001	4838400.0	1	1	0.6406614842710979	1.2813229685421959	0.6830324432326036	1.3660648864652072	1.0	0.8147751688957214	147291339.70934665	142774193.46890774	142774193.46890774	0.14830829066316886	0.5655626766813698	3.654395228768033	4838400.0	0.037081296	4.736096216483371
Saltmarsh_2_000000001	4924800.0	1	1	0.6496428444460421	1.2992856888920843	0.6917633729302781	1.3835267458605562	1.0	0.8206772804260254	151627848.09391117	147543246.72114792	147543246.72114792	0.14823012452744277	0.5894861090782969	3.802625353295475	4924800.0	0.036201266	4.928202457870936
Saltmarsh_2_000000001	5011200.0	1	1	0.6583828127971779	1.3167656255943558	0.7002506406056974	1.4005012812113948	1.0	0.8263974189758301	155908954.35588074	152272920.0714867	152272920.0714867	0.14796766776776438	0.6133969325896692	3.9505930210632396	5011200.0	0.035326505	5.119968555297959
Saltmarsh_2_000000001	5097600.0	1	1	0.6668862502296755	1.333772500459351	0.7084997259044578	1.4169994518089155	1.0	0.8319376707077026	160132214.7852402	156958532.219395	156958532.219395	0.14752724158088915	0.637265419516086	4.098120262644128	5097600.0	0.034457273	5.311163860386791
Saltmarsh_2_000000001	5184000.0	1	1	0.6751578546115573	1.3503157092231146	0.7165159245583362	1.4330318491166725	1.0	0.8373004794120789	164295348.12394616	161595686.32285526	161595686.32285526	0.14691556979146714	0.6610628618228092	4.245035832435595	5184000.0	0.033593826	5.501566438836531
Saltmarsh_2_000000001	5270400.0	1	1	0.6832021817905202	1.3664043635810403	0.7243043659856137	1.4486087319712273	1.0	0.8424884080886841	168396239.66788208	166180235.56615955	166180235.56615955	0.14613954174361077	0.684761636087187	4.3911753741792054	5270400.0	0.032736423	5.690963284936251
Saltmarsh_2_000000001	5356800.0	1	1	0.6910236841758882	1.3820473683517764	0.7318700471154488	1.4637400942308976	1.0	0.8475044965744019	172432938.62288693	170708357.13174012	170708357.13174012	0.14520655546030192	0.7083352301983987	4.536381929639507	5356800.0	0.031885315	5.879150980812802
Saltmarsh_2_000000001	5443200.0	1	1	0.6986267123656248	1.3972534247312496	0.7392178338673022	1.4784356677346044	1.0	0.8523516654968262	176403665.73400062	175176446.6137047	175176446.6137047	0.14412390765669014	0.7317583254118334	4.680505837296197	5443200.0	0.031040756	6.065935565135871
Saltmarsh_2_000000001	5529600.0	1	1	0.7060155494269487	1.4120310988538973	0.7463524920690561	1.4927049841381121	1.0	0.8570333123207092	180306803.64632007	179581233.7260178	179581233.7260178	0.14289938862284413	0.7550067800072449	4.823405225919041	5529600.0	0.030202995	6.251133172791077
Saltmarsh_2_000000001	5616000.0	1	1	0.7131944155979992	1.4263888311959985	0.7532786923279845	1.506557384655969	1.0	0.8615528345108032	184140904.75096563	183919696.61333376	183919696.61333376	0.14154077415993938	0.7780577089067294	4.964946000078981	5616000.0	0.029372282	6.434570016102359
Saltmarsh_2_000000001	5702400.0	1	1	0.7200973577163129	1.4401947154326258	0.7599333645706738	1.5198667291413477	1.0	0.8659136891365051	187904684.91887942	188189069.91404122	187904684.91887942	0.13863394325685685	0.8008894813375402	5.103579943335837	5702400.0	0.028548862	6.614239606563245
Saltmarsh_2_000000001	5788800.0	1	1	0.7266806704636914	1.453361340927383	0.76627491177638	1.53254982355276	1.0	0.8701195120811462	191559711.8419843	192353669.71893796	191559711.8419843	0.13454620284634966	0.8232523563635719	5.238126146182185	5788800.0	0.027732978	6.788611485452111
Saltmarsh_2_000000001	5875200.0	1	1	0.7329584009475075	1.465916801895015	0.7723173890148125	1.544634778029625	1.0	0.8741741180419922	195078297.53293544	196387096.82626233	195078297.53293544	0.13043564477540426	0.844955842889273	5.368561790957589	5875200.0	0.026924874	6.957656081081036
Saltmarsh_2_000000001	5961600.0	1	1	0.7389440671491292	1.4778881342982584	0.778074318818646	1.556148637637292	1.0	0.8780812621116638	198463384.9381998	200290162.43800312	198463384.9381998	0.1263206644657794	0.8659962602252196	5.494882455423367	5961600.0	0.026124787	7.121367662228684
Saltmarsh_2_000000001	6048000.0	1	1	0.7446506663251049	1.4893013326502098	0.7835586958725052	1.5671173917450103	1.0	0.8818447589874268	201718102.20623797	204064053.69471216	201718102.20623797	0.12221761600579295	0.886372895025397	5.61710007142916	6048000.0	0.025332956	7.279761692572192
Saltmarsh_2_000000001	6134400.0	1	1	0.7500906851678465	1.500181370335693	0.7887829946372087	1.5775659892744174	1.0	0.8854684829711914	204845725.16669852	207710291.86558044	204845725.16669852	0.11814095383134038	0.9060876720021521	5.735241025260501	6134400.0	0.024549616	7.432872368737609
Saltmarsh_2_000000001	6220800.0	1	1	0.7552761114300498	1.5105522228600996	0.7937591791863494	1.5875183583726988	1.0	0.8889564275741577	207849643.99937227	211230708.2607197	207849643.99937227	0.1141033725013203	0.925144847495541	5.84934439776182	6220800.0	0.023774997	7.580750339499319
Saltmarsh_2_000000001	6307200.0	1	1	0.7602184460021357	1.5204368920042715	0.7984987153739935	1.596997430747987	1.0	0.8923122882843018	210733333.7641329	214627309.74286655	210733333.7641329	0.1101159432309824	0.943550725589682	5.959460340992803	6307200.0	0.02300933	7.723460601926673
Saltmarsh_2_000000001	6393600.0	1	1	0.7649287165671838	1.5298574331343675	0.8030125834998199	1.6060251669996397	1.0	0.8955399990081787	213500328.05524033	217902372.809324	213500328.05524033	0.10618824402306182	0.9613133962531398	6.065648585015863	6393600.0	0.022252841	7.861080566180559
Saltmarsh_2_000000001	6480000.0	1	1	0.7694174914088541	1.5388349828177081	0.8073112924093891	1.6146225848187783	1.0	0.898643434047699	216154196.226565	221058343.78609222	216154196.226565	0.10232848666221817	0.9784424944706068	6.167977071678079	6480000.0	0.021505755	7.993698284894791
Saltmarsh_2_000000001	6566400.0	1	1	0.7736948935476096	1.5473897870952191	0.8114048943034886	1.6228097886069772	1.0	0.9016263484954834	218698523.22480473	224097796.44548357	218698523.22480473	0.09854363626411877	0.9949489798599049	6.266520707942197	6566400.0	0.020768293	8.121410837493087
Saltmarsh_2_000000001	6652800.0	1	1	0.777770615269055	1.55554123053811	0.815302999814651	1.630605999629302	1.0	0.9044924974441528	221136891.9508302	227023436.3205066	221136891.9508302	0.09483952418084485	1.0108449355733062	6.361360232123042	6652800.0	0.020040674	8.244322860831463
Saltmarsh_2_000000001	6739200.0	1	1	0.7816539328242815	1.563307865648563	0.8190147932844258	1.6380295865688517	1.0	0.9072456955909729	223472868.02037343	229838093.97955006	223472868.02037343	0.09122095469037772	1.0261433854114894	6.45258118681342	6739200.0	0.019323114	8.362545218110192
Saltmarsh_2_000000001	6825600.0	1	1	0.785353720875167	1.570707441750334	0.8225490483911365	1.645098096782273	1.0	0.9098895788192749	225709986.6425093	232544645.0407762	225709986.6425093	0.08769180506509788	1.0408581281474487	6.540272991878519	6825600.0	0.018615824	8.47619379747456
Saltmarsh_2_000000001	6912000.0	1	1	0.7888784669951333	1.5777569339902666	0.8259141435785622	1.6518282871571244	1.0	0.9124277234077454	227851741.2186037	235146021.42982826	227851741.2186037	0.08425511810068498	1.0550035879923336	6.624528109979204	6912000.0	0.017919015	8.585388430533047
Saltmarsh_2_000000001	6998400.0	1	1	0.7922362859083846	1.5844725718167691	0.8291180774466884	1.6582361548933768	1.0	0.9148635268211365	229901573.6949559	237645164.10142943	229901573.6949559	0.08091318848776607	1.0685946799870134	6.705441298466969	6998400.0	0.017232893	8.690251922813193
Saltmarsh_2_000000001	7084800.0	1	1	0.7954349338521808	1.5908698677043616	0.8321684835961441	1.6643369671922883	1.0	0.9172005653381348	231862866.35180837	240045100.99676067	231862866.35180837	0.07766764243289348	1.0816466893261485	6.783108940899862	7084800.0	0.016557659	8.790909187406221
Saltmarsh_2_000000001	7171200.0	1	1	0.7984818223024771	1.5969636446049542	0.8350726455923804	1.6701452911847607	1.0	0.9194421768188477	233738935.12658167	242348826.19940516	233738935.12658167	0.07451951210708074	1.0941751635258277	6.857628453006944	7171200.0	0.015893517	8.887486475096999
Saltmarsh_2_000000001	7257600.0	1	1	0.8013840314728888	1.6027680629457777	0.8378375114981828	1.6756750229963655	1.0	0.9215915203094482	235533023.91047373	244559302.68976226	235533023.91047373	0.07146930295196197	1.1061958166004067	6.929097755958905	7257600.0	0.015240662	8.980110691722741
Saltmarsh_2_000000001	7344000.0	1	1	0.8041483237290524	1.6082966474581049	0.8404697078020031	1.6809394156040063	1.0	0.9236518740653992	237248299.9447047	246679530.8467534	237248299.9447047	0.06851705562709975	1.1177244440964238	6.997614811586005	7344000.0	0.014599289	9.068908795815462
Saltmarsh_2_000000001	7430400.0	1	1	0.8067811564226404	1.6135623128452807	0.8429755532027923	1.6859511064055845	1.0	0.9256263375282288	238887850.29961056	248712460.81292167	238887850.29961056	0.06566240337888818	1.1287768481191647	7.063277214964893	7430400.0	0.013969584	9.154007270594501
Saltmarsh_2_000000001	7516800.0	1	1	0.8092886944137093	1.6185773888274186	0.8453610719117597	1.6907221438235194	1.0	0.9275178909301758	240454679.04937902	250660999.8639766	240454679.04937902	0.06290462363356619	1.139368771613329	7.126181838598459	7516800.0	0.013351738	9.235531662823604
Saltmarsh_2_000000001	7603200.0	1	1	0.8116768221837865	1.623353644367573	0.8476320065508346	1.6952640131016692	1.0	0.9293293356895447	241951705.21165136	252527988.97932985	241951705.21165136	0.06024268509214581	1.149515840966111	7.186424523690604	7603200.0	0.012745932	9.313606182703024
Saltmarsh_2_000000001	7689600.0	1	1	0.8139511557971442	1.6279023115942883	0.8497938303897968	1.6995876607795937	1.0	0.9310636520385742	243381761.31285155	254316293.85936034	243381761.31285155	0.057675290357154685	1.159233516207103	7.2440998140477575	7689600.0	0.012152346	9.388353359005894
Saltmarsh_2_000000001	7776000.0	1	1	0.8161170541382107	1.6322341082764213	0.8518517594915777	1.7037035189831553	1.0	0.9327234625816345	244747592.65860644	256028654.1201251	244747592.65860644	0.055200915208765355	1.168537048084267	7.299300729256522	7776000.0	0.011571156	9.459893745116453
Saltmarsh_2_000000001	7862400.0	1	1	0.8181796300158084	1.6363592600316168	0.8538107641418191	1.7076215282836382	1.0	0.9343114495277405	246051856.89781252	257667792.19972584	246051856.89781252	0.052817843013567956	1.1774414414754946	7.352118572270089	7862400.0	0.011002533	9.528345669662036
Saltmarsh_2_000000001	7948800.0	1	1	0.8201437608063514	1.6402875216127029	0.8556755799299097	1.7113511598598194	1.0	0.9358302354812622	247297124.16988528	259236377.39950097	247297124.16988528	0.050524196498825	1.1859614243506014	7.402642768768914	7948800.0	0.010446646	9.593825028324513
Saltmarsh_2_000000001	8035200.0	1	1	0.8220140985000824	1.644028197000165	0.8574507185945957	1.7149014371891913	1.0	0.9372819662094116	248485877.58087212	260736906.74985167	248485877.58087212	0.048317966045569705	1.194111421858791	7.4509607348144815	8035200.0	0.009903662	9.656445112319568
Saltmarsh_2_000000001	8121600.0	1	1	0.8237950798237469	1.6475901596474938	0.8591404779802235	1.718280955960447	1.0	0.9386692047119141	249620513.87132043	262171950.06184527	249620513.87132043	0.046197034376559865	1.2019055349800423	7.497157769191041	8121600.0	0.009373738	9.71631646887159
Saltmarsh_2_000000001	8208000.0	1	1	0.8254909356311297	1.6509818712622595	0.8607489519675082	1.7214979039350164	1.0	0.939994215965271	250703344.63453743	263543949.82297057	250703344.63453743	0.04415920001380336	1.2093575231588838	7.541316969204843	8208000.0	0.008857034	9.773546792089476
Saltmarsh_2_000000001	8294400.0	1	1	0.8271057000171118	1.6542114000342236	0.8622800398880668	1.7245600797761336	1.0	0.9412591457366943	251736597.55121762	264855268.74946967	251736597.55121762	0.04220219703401784	1.2164807907220703	7.58351916623886	8294400.0	0.008353703	9.828240839445563
Saltmarsh_2_000000001	8380800.0	1	1	0.8286432190996244	1.6572864381992487	0.8637374555159615	1.727474911031923	1.0	0.9424660801887512	252722417.8742323	266108205.16403815	252722417.8742323	0.04032371288817038	1.2232883764829912	7.62384287912703	8380800.0	0.007863892	9.88050037134863
Saltmarsh_2_000000001	8467200.0	1	1	0.8301071594034031	1.6602143188068061	0.8651247357226397	1.7302494714452794	1.0	0.9436169266700745	253662870.0925689	267304958.3927738	253662870.0925689	0.03852140424231831	1.2297929462205262	7.662364283369348	8467200.0	0.007387748	9.930424111246674
Saltmarsh_2_000000001	8553600.0	1	1	0.8315010160189941	1.6630020320379881	0.866445248644923	1.732890497289846	1.0	0.9447137117385864	254559939.69952756	268447712.4315227	254559939.69952756	0.036792910784468225	1.2360067877131695	7.699157194153816	8553600.0	0.006925413	9.978107723623346
Saltmarsh_2_000000001	8640000.0	1	1	0.8328281202723813	1.6656562405447626	0.8677022016570525	1.735404403314105	1.0	0.9457581639289856	255415535.13978297	269538517.47856027	255415535.13978297	0.03513586769859556	1.2419418080003193	7.734293061852411	8640000.0	0.00647702	10.023643808160724
Saltmarsh_2_000000001	8726400.0	1	1	0.834091647223848	1.668183294447696	0.8688986488375688	1.7377972976751377	1.0	0.94675213098526	256231489.7444655	270579408.23621213	256231489.7444655	0.033547916066589245	1.2476095326557384	7.7678409779190005	8726400.0	0.006042706	10.067121907383024
Saltmarsh_2_000000001	8812800.0	1	1	0.8352946226934709	1.6705892453869418	0.8700374982670749	1.7400749965341498	1.0	0.947697103023529	257009563.82316437	271572268.08946884	257009563.82316437	0.03202671237688137	1.2530211067389405	7.799867690295881	8812800.0	0.005622598	10.108628526623463
Saltmarsh_2_000000001	8899200.0	1	1	0.8364399301787988	1.6728798603575976	0.8711215188040601	1.7422430376081202	1.0	0.9485948085784912	257751446.70309487	272518999.67296255	257751446.70309487	0.030569936235074202	1.2581872972804002	7.830437626530954	8899200.0	0.005216821	10.148247163984117
Saltmarsh_2_000000001	8985600.0	1	1	0.8375303173303377	1.6750606346606753	0.8721533467137298	1.7443066934274596	1.0	0.9494467377662659	258458758.91840836	273421389.0427993	258458758.91840836	0.029175297581485404	1.2631184970105565	7.85961292411244	8985600.0	0.004825493	10.186058349649723
Saltmarsh_2_000000001	9072000.0	1	1	0.8385684022177329	1.6771368044354658	0.8731354919201122	1.7462709838402244	1.0	0.9502543807029724	259133054.3239336	274281174.55329764	259133054.3239336	0.027840542366599053	1.2678247292530689	7.8874534664790374	9072000.0	0.004448734	10.222139692556834
Saltmarsh_2_000000001	9158400.0	1	1	0.8395566792439488	1.6791133584878977	0.8740703440516885	1.748140688103377	1.0	0.9510189294815063	259775822.25854805	275099961.5719119	259775822.25854805	0.026563457559166448	1.2723156537335738	7.914016924038204	9158400.0	0.004086652	10.256565933553514
Saltmarsh_2_000000001	9244800.0	1	1	0.8404975249549361	1.6809950499098723	0.8749601780548273	1.7499203561096546	1.0	0.9517418742179871	260388489.6534981	275879395.4318956	260388489.6534981	0.025341875071196673	1.276600573196294	7.939358799109401	9244800.0	0.003739356	10.289409003645785
Saltmarsh_2_000000001	9331200.0	1	1	0.8413932034019465	1.682786406803893	0.8758071597474713	1.7516143194949425	1.0	0.9524242281913757	260972423.2238544	276620938.274323	260972423.2238544	0.024173675465493316	1.2806884406537786	7.963532474574892	9331200.0	0.003406949	10.32073808704906
Saltmarsh_2_000000001	9417600.0	1	1	0.8422458714631944	1.6844917429263888	0.8766133509119517	1.7532267018239034	1.0	0.9530673623085022	261528931.51700458	277326111.7721497	261528931.51700458	0.02305679035031649	1.2845878672347064	7.9865892649252075	9417600.0	0.003089529	10.35061968734307
Saltmarsh_2_000000001	9504000.0	1	1	0.8430575837414355	1.686115167482871	0.8773807143471158	1.7547614286942317	1.0	0.9536721706390381	262059267.057833	277996255.9513966	262059267.057833	0.0219892048711976	1.2883071304179674	8.008578469796406	9504000.0	0.002787191	10.379117696856143
Saltmarsh_2_000000001	9590400.0	1	1	0.8438302973838533	1.6876605947677066	0.8781111185339345	1.756222237067869	1.0	0.9542397260665894	262564628.34128895	278632720.73696584	262564628.34128895	0.020968959037750423	1.2918541826686945	8.029547428834157	9590400.0	0.002500024	10.406293467769068
Saltmarsh_2_000000001	9676800.0	1	1	0.8445658766350971	1.6891317532701942	0.8788063421421504	1.7576126842843007	1.0	0.9547710418701172	263046161.87712976	279236797.8832826	263046161.87712976	0.019994149097325442	1.2952366602883234	8.049541577931482	9676800.0	0.002228112	10.4322058849992
Saltmarsh_2_000000001	9763200.0	1	1	0.8452660971847247	1.6905321943694493	0.8794680783256946	1.7589361566513892	1.0	0.955267071723938	263504964.1600019	279809722.10053873	263504964.1600019	0.019062928313775762	1.298461892486234	8.068604506245256	9763200.0	0.001971536	10.456911440093853
Saltmarsh_2_000000001	9849600.0	1	1	0.845932650286079	1.691865300572158	0.880097938845263	1.760195877690526	1.0	0.9557285308837891	263942083.5943413	280352619.7428355	263942083.5943413	0.018173507394691812	1.3015369105770147	8.086778013639947	9849600.0	0.001730373	10.480464305677371
Saltmarsh_2_000000001	9936000.0	1	1	0.8465671467403815	1.693134293480763	0.8806974579412931	1.7613949158825861	1.0	0.9561561942100525	264358522.35195792	280866597.1691901	264358522.35195792	0.017324154513146173	1.3044684572466434	8.104102168153092	9936000.0	0.001504694	10.502916409926408
Saltmarsh_2_000000001	10022400.0	1	1	0.8471711206975192	1.6943422413950384	0.8812680960308222	1.7625361920616445	1.0	0.9565508961677551	264755238.21379632	281352742.13312113	264755238.21379632	0.016513195246808055	1.3072629958221735	8.120615363399901	10022400.0	0.001294567	10.524317510966272
Saltmarsh_2_000000001	10108800.0	1	1	0.8477460332450774	1.6954920664901547	0.8818112432684707	1.7636224865369414	1.0	0.9569132924079895	265133146.35926262	281812054.92653334	265133146.35926262	0.015739012264711194	1.309926719531602	8.136354375664611	10108800.0	0.001100052	10.544715270861337
Saltmarsh_2_000000001	10195200.0	1	1	0.8482932758425652	1.6965865516851304	0.8823282229248548	1.7646564458497096	1.0	0.9572439193725586	265493121.07944956	282245466.8977173	265493121.07944956	0.015000044684040148	1.3124655607132076	8.151354420348651	10195200.0	0.000921207	10.564155328771852
Saltmarsh_2_000000001	10281600.0	1	1	0.8488141736146498	1.6976283472292997	0.8828202945870447	1.7656405891740894	1.0	0.9575433135032654	265835997.4445346	282653876.6892965	265835997.4445346	0.014294787301536438	1.3148851999211366	8.165649207650187	10281600.0	0.000758087	10.582681373114644
Saltmarsh_2_000000001	10368000.0	1	1	0.8493099884995827	1.6986199769991654	0.8832886572023295	1.766577314404659	1.0	0.9578120708465576	266162572.92924184	283038169.0712559	266162572.92924184	0.01362178973920658	1.3171910749070026	8.179270997389393	10368000.0	0.000610738	10.600335212616653
Saltmarsh_2_000000001	10454400.0	1	1	0.849781922213618	1.699563844427236	0.883734452015792	1.767468904031584	1.0	0.958050549030304	266473608.98965162	283399128.056642	266473608.98965162	0.012979655484571806	1.3193883894636864	8.192250652873964	10454400.0	0.000479206	10.617156846124658
Saltmarsh_2_000000001	10540800.0	1	1	0.8502311191220279	1.7004622382440557	0.884158765321721	1.768317530643442	1.0	0.9582592248916626	266769832.5627911	283737543.6340906	266769832.5627911	0.012367040699639675	1.3214821221143158	8.204617693573603	10540800.0	0.000363528	10.63318453087139
Saltmarsh_2_000000001	10627200.0	1	1	0.8506586689616296	1.7013173379232591	0.884562631102447	1.769125262204894	1.0	0.9584385752677917	267051937.54222447	284054177.73632604	267051937.54222447	0.011782653101996887	1.3234770346091256	8.216400346675599	10627200.0	0.000263738	10.648454849291575
Saltmarsh_2_000000001	10713600.0	1	1	0.8510656093848221	1.7021312187696442	0.8849470335897616	1.7698940671795231	1.0	0.9585886001586914	267320586.19186017	284349623.8983043	267320586.19186017	0.011225250717475932	1.325377680241825	8.227625597393073	10713600.0	0.000179868	10.663002774221424
Saltmarsh_2_000000001	10800000.0	1	1	0.8514529284857816	1.7029058569715632	0.885312909600321	1.770625819200642	1.0	0.9587097764015198	267576410.47610018	284624590.91568303	267576410.47610018	0.010693640415740946	1.32718841196476	8.238319237808813	10800000.0	0.000111942	10.676861732200223
Saltmarsh_2_000000001	10886400.0	1	1	0.8518215671176231	1.7036431342352463	0.8856611508561507	1.7713223017123014	1.0	0.9588021636009216	267820013.40459612	284879638.7977157	267820013.40459612	0.010186676755126411	1.3289133902678543	8.248505914563939	10886400.0	6e-05	10.690063665274865
Saltmarsh_2_000000001	10972800.0	1	1	0.8521724211753315	1.704344842350663	0.8859926061167375	1.771985212233475	1.0	0.9588661789894104	268051970.26904786	285115409.7433289	268051970.26904786	0.009703260474027697	1.3305565908712116	8.258209175037969	10972800.0	2.4e-05	10.702639090849209
Saltmarsh_2_000000001	11059200.0	1	1	0.852506343684819	1.705012687369638	0.8863080832977622	1.7726161665955245	1.0	0.9589016437530518	268272829.8797004	285332345.722285	268272829.8797004	0.009242337224137254	1.3321218121743648	8.267451512262102	11059200.0	4e-06	10.714617159891684
Saltmarsh_2_000000001	11145600.0	1	1	0.8528241468723754	1.7056482937447508	0.8866083514043595	1.773216702808719	1.0	0.9589086771011353	268483115.6991136	285530955.08482254	268483115.6991136	0.008802895994383109	1.333612682501185	8.276254408256486	11145600.0	0.0	10.726025713100407
Saltmarsh_2_000000001	11232000.0	1	1	0.8531266041109	1.7062532082218	0.8868941424027432	1.7737882848054864	1.0	0.9588873982429504	268683326.9810306	285711724.9832651	268683326.9810306	0.008383967814588722	1.3350326670905641	8.284638376071074	11232000.0	1.2e-05	10.736891335388112
Saltmarsh_2_000000001	11318400.0	1	1	0.8534144517605583	1.7068289035211166	0.8871661530153937	1.7743323060307874	1.0	0.9588377475738525	268873939.847515	285875068.95788217	268873939.847515	0.007984624359601122	1.3363850748779738	8.292623000430675	11318400.0	4e-05	10.747239408558155
Saltmarsh_2_000000001	11404800.0	1	1	0.8536883909276769	1.7073767818553538	0.8874250464228619	1.7748500928457238	1.0	0.9587595462799072	269055408.31393415	286021345.4396948	269055408.31393415	0.007603976517799094	1.3376730650518718	8.300226976948473	11404800.0	8.4e-05	10.757094162125222
Saltmarsh_2_000000001	11491200.0	1	1	0.853949089161509	1.707898178323018	0.8876714538634203	1.7753429077268406	1.0	0.9586527943611145	269228165.2754227	286150947.46150255	269228165.2754227	0.007241172997927592	1.338899653379186	8.3074681499464	11491200.0	0.000143911	10.766478722330534
Saltmarsh_2_000000001	11577600.0	1	1	0.8541971820384583	1.7083943640769166	0.8879059761893	1.7758119523786	1.0	0.9585171937942505	269392623.46598667	286264161.1995911	269392623.46598667	0.006895399023859383	1.340067718306074	8.31436354897026	11577600.0	0.000219812	10.775415159465458
Saltmarsh_2_000000001	11664000.0	1	1	0.8544332747022755	1.708866549404551	0.8881291853156041	1.7762583706312083	1.0	0.9583526253700256	269549176.3573406	286361309.02459073	269549176.3573406	0.006565874938569083	1.3411800068481339	8.320929423908828	11664000.0	0.000311645	10.783924533385841
Saltmarsh_2_000000001	11750400.0	1	1	0.8546579432985068	1.7093158865970135	0.888341625633178	1.776683251266356	1.0	0.9581586122512817	269698199.03966594	286442590.01326585	269698199.03966594	0.006251854942905366	1.3422391402554243	8.327181278851732	11750400.0	0.000419382	10.792026937391846
Saltmarsh_2_000000001	11836800.0	1	1	0.8548717363860654	1.7097434727721308	0.8885438153075538	1.7770876306151075	1.0	0.957935094833374	269840049.04443896	286508312.19760954	269840049.04443896	0.005952625748156359	1.3432476194740384	8.333133904599887	11836800.0	0.000542992	10.799741540361454
Saltmarsh_2_000000001	11923200.0	1	1	0.8550751762286944	1.710150352457389	0.8887362475705931	1.7774724951411862	1.0	0.9576814770698547	269975067.16079086	286558608.16753006	269975067.16079086	0.005667505413632146	1.3442078303903222	8.33880141001352	11923200.0	0.000682438	10.807086627377522
Saltmarsh_2_000000001	12009600.0	1	1	0.8552687600666891	1.7105375201333781	0.888919391905276	1.777838783810552	1.0	0.9573974013328552	270103578.18326795	286593667.376811	270103578.18326795	0.005395842028750764	1.345122048887589	8.344197252042267	12009600.0	0.000837678	10.81407963864678
Saltmarsh_2_000000001	12096000.0	1	1	0.8554529613155657	1.7109059226311314	0.8890936951887292	1.7781873903774583	1.0	0.9570825099945068	270225891.6536677	286613665.53364575	270225891.6536677	0.005137012578102729	1.3459924456902357	8.349334264620367	12096000.0	0.001008667	10.820737206947996
Saltmarsh_2_000000001	12182400.0	1	1	0.855628230693758	1.711256461387516	0.8892595827934888	1.7785191655869776	1.0	0.956736147403717	270342302.5626759	286618675.9390487	270342302.5626759	0.004890421788585453	1.346821091024794	8.354224686408951	12182400.0	0.001195353	10.827075193586001
Saltmarsh_2_000000001	12268800.0	1	1	0.8557949973106981	1.7115899946213962	0.8894174596200504	1.7788349192401007	1.0	0.9563576579093933	270453092.0120423	286608759.2472483	270453092.0120423	0.004655500965207171	1.3476099590950044	8.358880187374158	12268800.0	0.001397683	10.833108722836908
Saltmarsh_2_000000001	12355200.0	1	1	0.85595366971051	1.71190733942102	0.8895677110735348	1.7791354221470697	1.0	0.9559465646743774	270558527.8565929	286584017.6525731	270558527.8565929	0.004431706913863964	1.3483609323691006	8.363311894288021	12355200.0	0.001615594	10.838852214997276
Saltmarsh_2_000000001	12441600.0	1	1	0.8561046368462472	1.7122092736924943	0.8897107040137449	1.7794214080274897	1.0	0.9555020928382874	270658865.32261497	286544452.52601546	270658865.32261497	0.004218520919747393	1.3490758056933274	8.367530415207769	12441600.0	0.001849024	10.844319418109269
Saltmarsh_2_000000001	12528000.0	1	1	0.8562482690197917	1.7124965380395833	0.8898467876458866	1.7796935752917733	1.0	0.955023467540741	270754347.5863376	286490054.2136139	270754347.5863376	0.0040154476910210235	1.3497562902406672	8.37154586289879	12528000.0	0.002097901	10.849523438316831
Saltmarsh_2_000000001	12614400.0	1	1	0.8563849187768487	1.7127698375536975	0.8899762943690263	1.7799525887380525	1.0	0.9545099139213562	270845206.3343288	286420802.5474405	270845206.3343288	0.003822014382475425	1.3504040172891685	8.375367877281265	12614400.0	0.002362156	10.85447676895652
Saltmarsh_2_000000001	12700800.0	1	1	0.8565149217550344	1.7130298435100688	0.8900995405880147	1.7801990811760293	1.0	0.9539605379104614	270931662.2987864	286336631.552345	270931662.2987864	0.0036377696511438185	1.3510205418427883	8.379005646932406	12700800.0	0.002641706	10.859191318424399
Saltmarsh_2_000000001	12787200.0	1	1	0.856638597493651	1.713277194987302	0.8902168274837724	1.7804336549675448	1.0	0.9533743858337402	271013925.7661416	286237447.763704	271013925.7661416	0.003462282730817945	1.35160734609989	8.382467929663225	12787200.0	0.00293647	10.86367843684354
Saltmarsh_2_000000001	12873600.0	1	1	0.8567562502104452	1.7135125004208904	0.8903284417412493	1.7806568834824985	1.0	0.9527506232261658	271092197.0641273	286123184.355249	271092197.0641273	0.00329514254817731	1.3521658427724594	8.385763072211402	12873600.0	0.00324636	10.867948941585977
Saltmarsh_2_000000001	12960000.0	1	1	0.8568681695267025	1.713736339053405	0.890434656256997	1.780869312513994	1.0	0.9520880579948425	271166667.0304064	285993658.37350255	271166667.0304064	0.0031359568892974643	1.3526973782627347	8.388899029100699	12960000.0	0.003571285	10.872013141714506
Saltmarsh_2_000000001	13046400.0	1	1	0.8569746311702151	1.7139492623404302	0.8905357307989842	1.7810714615979684	1.0	0.9513855576515198	271237517.450725	285848696.39086866	271237517.450725	0.002984351548226183	1.353203235705399	8.391883380648924	13046400.0	0.00391115	10.875880861321006
Saltmarsh_2_000000001	13132800.0	1	1	0.8570758976412514	1.7141517952825027	0.8906319126386681	1.7812638252773363	1.0	0.950641930103302	271304921.4850717	285688099.09607226	271304921.4850717	0.002839969552937305	1.3536846378724212	8.394723350201861	13132800.0	0.004265851	10.879561461861611
Saltmarsh_2_000000001	13219200.0	1	1	0.8571722188497869	1.7143444376995738	0.8907234371497761	1.7814468742995522	1.0	0.9498560428619385	271369044.07224137	285511677.4868125	271369044.07224137	0.0027024704081648476	1.354142749953042	8.397425820610026	13219200.0	0.004635286	10.883063863510595
Saltmarsh_2_000000001	13305600.0	1	1	0.8572638327133182	1.7145276654266364	0.8908105283871967	1.7816210567743933	1.0	0.9490264654159546	271430042.3178571	285319145.7284986	271430042.3178571	0.0025715293776666925	1.3545786822116188	8.399997349987693	13305600.0	0.005019343	10.886396565584052
Saltmarsh_2_000000001	13392000.0	1	1	0.8573509657334788	1.7147019314669576	0.8908933996298052	1.7817867992596104	1.0	0.9481517672538757	271488065.8589321	285110211.03539324	271488065.8589321	0.0024468367649654876	1.354993492529695	8.402444186752659	13392000.0	0.00541791	10.889567666031446
Saltmarsh_2_000000001	13478400.0	1	1	0.8574338335476515	1.714867667095303	0.8909722538951936	1.7819445077903873	1.0	0.9472306370735168	271543257.21636355	284884609.8564635	271543257.21636355	0.0023280972497703445	1.3553881888320474	8.404772284002428	13478400.0	0.005830868	10.892584880067147
Saltmarsh_2_000000001	13564800.0	1	1	0.8575126414425849	1.7150252828851698	0.8910472844412617	1.7820945688825234	1.0	0.9462613463401794	271595752.13282233	284641946.85526997	271595752.13282233	0.0022150292584206532	1.355763731405691	8.406987313260847	13564800.0	0.006258096	10.89545555798606
Saltmarsh_2_000000001	13651200.0	1	1	0.8575875848559845	1.715175169711969	0.8911186752303325	1.782237350460665	1.0	0.9452423453330994	271645679.88769066	284381874.44022644	271645679.88769066	0.0021073643211220183	1.3561210351173314	8.409094677581969	13651200.0	0.006699465	10.898186702146234
Saltmarsh_2_000000001	13737600.0	1	1	0.8576588498480655	1.715317699696131	0.8911866013777296	1.7823732027554593	1.0	0.9441719651222229	271693163.6053905	284104003.41986364	271693163.6053905	0.002004846499818136	1.3564609715271343	8.411099524081784	13737600.0	0.007154846	10.900784983209993
Saltmarsh_2_000000001	13824000.0	1	1	0.8577266135506179	1.7154532271012357	0.8912512295784266	1.7825024591568532	1.0	0.9430484175682068	271738320.54559934	283807903.2543704	271738320.54559934	0.0019072318177930647	1.3567843709102037	8.413006755899577	13824000.0	0.007624102	10.90325675564585
Saltmarsh_2_000000001	13910400.0	1	1	0.857791044592591	1.715582089185182	0.8913127185147947	1.7826254370295893	1.0	0.9418696761131287	271781262.3800466	283493066.41621405	271781262.3800466	0.0018142877141795744	1.3570920241860536	8.414821043613754	13910400.0	0.008107098	10.905608072523425
Saltmarsh_2_000000001	13996800.0	1	1	0.8578523035163775	1.715704607032755	0.8913712192338756	1.7827424384677513	1.0	0.9406341314315796	271822095.4551826	283159105.9703813	271822095.4551826	0.0017257925158304932	1.3573846847600826	8.416546836129584	13996800.0	0.008603687	10.90784469962394
Saltmarsh_2_000000001	14083200.0	1	1	0.8579105431548165	1.715821086309633	0.8914268755262572	1.7828537510525144	1.0	0.9393393993377686	271860921.04963535	282805396.9907815	271860921.04963535	0.0016415349683169822	1.3576630702798598	8.4181883710979	14083200.0	0.009113725	10.909972128942877
Saltmarsh_2_000000001	14169600.0	1	1	0.8579659090088299	1.7159318180176597	0.8914798242668606	1.7829596485337211	1.0	0.937983512878418	271897835.60739106	282431435.6026762	271897835.60739106	0.0015613137211982764	1.357927864315757	8.419749684819097	14169600.0	0.009637056	10.91199559152555
Saltmarsh_2_000000001	14256000.0	1	1	0.8580185395979497	1.7160370791958994	0.8915301957494949	1.7830603914989898	1.0	0.9365643262863159	271932930.9719333	282036659.7819558	271932930.9719333	0.0014849369011198377	1.3581797179585466	8.421234621720217	14256000.0	0.01017353	10.9139200697494
Saltmarsh_2_000000001	14342400.0	1	1	0.858068566791731	1.716137133583462	0.8915781140070784	1.7831562280141569	1.0	0.9350793361663818	271966294.60370773	281620395.68378	271966294.60370773	0.0014122216703964519	1.3584192513481421	8.422646843390611	14342400.0	0.010722987	10.915750309034234
Saltmarsh_2_000000001	14428800.0	1	1	0.8581161161340682	1.7162322322681365	0.8916236971074981	1.7832473942149962	1.0	0.933526337146759	271998009.78592813	281182055.2774125	271998009.78592813	0.0013429937985129925	1.3586470551311276	8.423989837189122	14428800.0	0.011285262	10.917490828997103
Saltmarsh_2_000000001	14515200.0	1	1	0.8581613071428102	1.7163226142856205	0.8916670574448904	1.7833341148897808	1.0	0.9319027066230774	272028155.82630086	280720921.123184	272028155.82630086	0.001277087282331557	1.3588636918491728	8.425266924471455	14515200.0	0.01186019	10.919145934115004
Saltmarsh_2_000000001	14601600.0	1	1	0.8582042536023226	1.716408507204645	0.8917083020091835	1.783416604018367	1.0	0.9302060008049011	272056808.243465	280236326.0671289	272056808.243465	0.001214343951144281	1.3590696972661809	8.426481268422599	14601600.0	0.0124476	10.920719723875688
Saltmarsh_2_000000001	14688000.0	1	1	0.85824506383648	1.71649012767296	0.8917475326485533	1.7834950652971067	1.0	0.9284334778785706	272084038.949304	279727509.77481073	272084038.949304	0.0011546131147925909	1.3592655816317274	8.427635881537391	14688000.0	0.013047319	10.922216102472458
Saltmarsh_2_000000001	14774400.0	1	1	0.8582838409706568	1.7165676819413136	0.8917848463167709	1.7835696926335418	1.0	0.9265822768211365	272109916.4191569	279193672.7426103	272109916.4191569	0.001097751208045672	1.3594518308877388	8.428733632745436	14774400.0	0.013659168	10.923638788038087
Saltmarsh_2_000000001	14860800.0	1	1	0.8583206831830106	1.7166413663660212	0.8918203353069128	1.7836406706138257	1.0	0.9246495962142944	272134505.85533553	278634030.32965845	272134505.85533553	0.0010436214588707138	1.359628907817807	8.429777254204307	14860800.0	0.014282965	10.92499132144878
Saltmarsh_2_000000001	14947200.0	1	1	0.8583556839430398	1.7167113678860797	0.8918540874748297	1.7837081749496595	1.0	0.92263263463974	272157869.3441045	278047794.9559504	272157869.3441045	0.0009920935775309392	1.3597972531429918	8.430769347781837	14947200.0	0.014918529	10.92627707472526
Saltmarsh_2_000000001	15033600.0	1	1	0.8583889322342437	1.7167778644684875	0.8918861864561648	1.7837723729123296	1.0	0.9205281138420105	272180066.00482273	277434032.5364635	272180066.00482273	0.0009430434566426449	1.359957286567471	8.431712391238477	15033600.0	0.015565668	10.927499259045065
Saltmarsh_2_000000001	15120000.0	1	1	0.8584205127731631	1.7168410255463262	0.8919167118655938	1.7838334237311877	1.0	0.9183330535888672	272201152.1292108	276791896.1218754	272201152.1292108	0.0008963528702448098	1.3601094077758094	8.432608744108721	15120000.0	0.01622419	10.928660932364902
Saltmarsh_2_000000001	15206400.0	1	1	0.8584505062131906	1.7169010124263813	0.89194573949168	1.78389147898336	1.0	0.9160442352294922	272221181.3185122	276120464.3632864	272221181.3185122	0.0008519092108760784	1.360253997381685	8.433460653319596	15206400.0	0.016893902	10.929765006702196
Saltmarsh_2_000000001	15292800.0	1	1	0.8584789893382104	1.7169579786764209	0.8919733414824101	1.7839466829648203	1.0	0.9136581420898438	272240204.61116564	275418723.64985496	272240204.61116564	0.0008096052216282068	1.3603914178342	8.434270258541225	15292800.0	0.017574604	10.930814255069427
Saltmarsh_2_000000001	15379200.0	1	1	0.8585060352524937	1.7170120705049874	0.8919995865163275	1.783999173032655	1.0	0.9111716747283936	272258270.6041823	274685783.82943934	272258270.6041823	0.0007693387399367868	1.3605220142809749	8.435039597281158	15379200.0	0.018266096	10.931811318076381
Saltmarsh_2_000000001	15465600.0	1	1	0.8585317135538766	1.7170634271077532	0.8920245399733652	1.7840490799467303	1.0	0.9085811376571655	272275425.5722881	273920572.87379366	272275425.5722881	0.0007310124715336208	1.360646115389907	8.435770609752693	15465600.0	0.018968171	10.93275871023949
Saltmarsh_2_000000001	15552000.0	1	1	0.8585560905042121	1.7171121810084242	0.8920482640914228	1.7840965281828456	1.0	0.9058830142021179	272291713.5765896	273122070.56095225	272291713.5765896	0.0006945337484729475	1.360764034134475	8.436465143501165	15552000.0	0.019680623	10.933658825977512
Saltmarsh_2_000000001	15638400.0	1	1	0.8585760867958512	1.7171521735917024	0.8920677551191439	1.7841355102382879	1.0	0.903073787689209	272307176.5716255	272289254.679682	272289254.679682	0.0005702048584093067	1.3608760685400008	8.437035348359572	15638400.0	0.020403241	10.934397811474005
Saltmarsh_2_000000001	15724800.0	1	1	0.8584367296266047	1.7168734592532093	0.8919386678056023	1.7838773356112045	1.0	0.9001496434211731	272319861.1176641	271419187.8202792	271419187.8202792	-0.003872108500068805	1.3609680476014647	8.4331632398595	15724800.0	0.021135808	10.929379558857912
Saltmarsh_2_000000001	15811200.0	1	1	0.858141086815359	1.716282173630718	0.8916648273010491	1.7833296546020982	1.0	0.8971070051193237	272231466.7500329	270426604.21005386	270426604.21005386	-0.008210421375578925	1.3603434424258483	8.424952818483922	15811200.0	0.021878109	10.918738852755162
Saltmarsh_2_000000001	15897600.0	1	1	0.8576923704354869	1.7153847408709737	0.89124924086409	1.78249848172818	1.0	0.8939418196678162	272043987.7797761	269313668.3898172	269313668.3898172	-0.012450687257173465	1.3590190292062594	8.412502131226749	15897600.0	0.022629925	10.902602762069867
Saltmarsh_2_000000001	15984000.0	1	1	0.8570933818781347	1.7141867637562693	0.8906945509608167	1.7813891019216335	1.0	0.8906506299972534	271759562.1060056	268082114.6976472	268082114.6976472	-0.01660005029739331	1.3570106237856294	8.395902080929353	15984000.0	0.02339103	10.881089096884441
Saltmarsh_2_000000001	16070400.0	1	1	0.8563464937316686	1.7126929874633372	0.8900030178476928	1.7800060356953855	1.0	0.8872291445732117	271380115.97160953	266733301.4363643	266733301.4363643	-0.020666382410395423	1.3543328895922169	8.375235698518958	16070400.0	0.024161202	10.85430546528057
Saltmarsh_2_000000001	16156800.0	1	1	0.8554537264006157	1.7109074528012314	0.8891765901404166	1.7783531802808332	1.0	0.8836739659309387	270907350.03550124	265268723.63233468	265268723.63233468	-0.02465560208358153	1.350999220245255	8.350580096435376	16156800.0	0.02494021	10.822351804980247
Saltmarsh_2_000000001	16243200.0	1	1	0.8544167191163567	1.7088334382327135	0.88821687782027	1.77643375564054	1.0	0.879980742931366	270342786.1309279	263689500.93907604	263689500.93907604	-0.02857454996449449	1.3470220546598748	8.32200554647088	16243200.0	0.025727825	10.78531918822626
Saltmarsh_2_000000001	16329600.0	1	1	0.8532367965316087	1.7064735930632173	0.8871252139386133	1.7742504278772266	1.0	0.8761458992958069	269687747.74152184	261996885.038325	261996885.038325	-0.03242830310293687	1.342412728294562	8.28957724336794	16329600.0	0.026523813	10.743292107404852
Saltmarsh_2_000000001	16416000.0	1	1	0.8519149692504582	1.7038299385009164	0.8859026553436992	1.7718053106873983	1.0	0.8721655011177063	268943401.4809169	260191958.5761885	260191958.5761885	-0.03622196475404782	1.3371817576349905	8.253355278613892	16416000.0	0.027327938	10.696348441083604
Saltmarsh_2_000000001	16502400.0	1	1	0.8504519600596685	1.700903920119337	0.8845500073706368	1.7691000147412737	1.0	0.8680357336997986	268110757.22474802	258275782.70419502	258275782.70419502	-0.0399599224458973	1.3313388359668725	8.213395356167995	16502400.0	0.028139962	10.64456038159372
Saltmarsh_2_000000001	16588800.0	1	1	0.8488482250661151	1.6976964501322303	0.883067843971694	1.766135687943388	1.0	0.8637528419494629	267190684.89747483	256249397.3413316	256249397.3413316	-0.04364596212237393	1.324892948829032	8.16974939404562	16588800.0	0.028959644	10.587995214683126
Saltmarsh_2_000000001	16675200.0	1	1	0.8471039733209231	1.6942079466418463	0.8814565265933213	1.7629130531866426	1.0	0.8593131303787231	266183928.3778384	254113836.78318825	254113836.78318825	-0.04728328713828511	1.3178524710542263	8.122466106907336	16675200.0	0.029786743	10.526716074551906
Saltmarsh_2_000000001	16761600.0	1	1	0.845219185036737	1.690438370073474	0.8797162218926351	1.7594324437852702	1.0	0.854712963104248	265091118.7470062	251870144.61409387	251870144.61409387	-0.050874537675424714	1.3102252607458942	8.071591569231911	16761600.0	0.03062101	10.460782673724557
Saltmarsh_2_000000001	16848000.0	1	1	0.8431936415512383	1.6863872831024767	0.8778469304254648	1.7556938608509296	1.0	0.8499490022659302	263912786.9112616	249519457.92758608	249519457.92758608	-0.054421460484986195	1.3020187501229166	8.017170108746923	16848000.0	0.031462201	10.390252460936013
Saltmarsh_2_000000001	16934400.0	1	1	0.8410269304314931	1.6820538608629862	0.8758484925030009	1.7516969850060018	1.0	0.8450177907943726	262649383.7640015	247062903.9634815	247062903.9634815	-0.0579255698204284	1.2932400896378358	7.9592445389264945	16934400.0	0.032310067	10.315180922448738
Saltmarsh_2_000000001	17020800.0	1	1	0.8387184729583501	1.6774369459167002	0.8737206148336762	1.7474412296673525	1.0	0.8399161696434021	261301284.96961963	244501729.8977679	244501729.8977679	-0.061387535991946685	1.2838961854807862	7.897857002934547	17020800.0	0.033164354	10.235622675803173
Saltmarsh_2_000000001	17107200.0	1	1	0.8362675399655923	1.6725350799311847	0.8714628865269024	1.7429257730538048	1.0	0.8346410989761353	259868809.87483707	241837267.84608072	241837267.84608072	-0.06480749648456463	1.2739938357149683	7.833049506449981	17107200.0	0.03402481	10.151632160359176
Saltmarsh_2_000000001	17193600.0	1	1	0.8336732796645098	1.6673465593290195	0.8690748062459537	1.7381496124919074	1.0	0.8291898965835571	258352233.23143917	239071015.27292842	239071015.27292842	-0.06818473986139684	1.263539816226039	7.764864766588584	17193600.0	0.034891181	10.063264737498805
Saltmarsh_2_000000001	17280000.0	1	1	0.8309347338023533	1.6618694676047066	0.8665557987019494	1.7331115974038989	1.0	0.8235600590705872	256751804.38391984	236204598.96284372	236204598.96284372	-0.07151802284646602	1.2525410176606846	7.693346743742117	17280000.0	0.035763211	9.970577379889782
Saltmarsh_2_000000001	17366400.0	1	1	0.8280508461101961	1.6561016922203922	0.8639052241725901	1.7278104483451802	1.0	0.8177491426467896	255067759.19961134	233239751.10641712	233239751.10641712	-0.0748057756848628	1.2410045312169484	7.618540968057253	17366400.0	0.036640638	9.873629094602201
Saltmarsh_2_000000001	17452800.0	1	1	0.8250204964026786	1.6500409928053572	0.8611224117116326	1.7222448234232652	1.0	0.8117552399635315	253300327.27592406	230178451.38688824	230178451.38688824	-0.07804544437371264	1.228937701308154	7.540495523683541	17452800.0	0.037523206	9.77248219869387
Saltmarsh_2_000000001	17539200.0	1	1	0.8218425160403318	1.6436850320806635	0.8582066752864022	1.7164133505728043	1.0	0.8055766820907593	251449754.84832615	227022857.29847544	227022857.29847544	-0.08123399783838625	1.2163482843307636	7.459261525845154	17539200.0	0.038410651	9.66720293749532
Saltmarsh_2_000000001	17625600.0	1	1	0.8185157122255474	1.6370314244510948	0.8551573381091858	1.7103146762183716	1.0	0.7992122173309326	249516316.0680053	223775360.9724318	223775360.9724318	-0.08436772075809174	1.2032445256202509	7.374893805087062	17625600.0	0.039302712	9.557862371392833
Saltmarsh_2_000000001	17712000.0	1	1	0.8150388841122261	1.6300777682244523	0.8519737495254002	1.7039474990508003	1.0	0.7926608920097351	247500329.50725198	220438564.19024006	220438564.19024006	-0.08744244887482777	1.189635269826028	7.287451356212234	17712000.0	0.040199123	9.444536957651055
Saltmarsh_2_000000001	17798400.0	1	1	0.8114108378139079	1.6228216756278158	0.8486553009817466	1.6973106019634931	1.0	0.7859220504760742	245402169.45048586	217015282.61516908	217015282.61516908	-0.09045362025312254	1.175530033328968	7.196997735959111	17798400.0	0.041099618	9.327309065803009
Saltmarsh_2_000000001	17884800.0	1	1	0.8076304169826388	1.6152608339652776	0.8452014563023107	1.6904029126046214	1.0	0.7789956331253052	243222276.316393	213508630.10404608	213508630.10404608	-0.09339591787005075	1.1609390683902812	7.103601818089058	17884800.0	0.042003931	9.206267956243419
Saltmarsh_2_000000001	17971200.0	1	1	0.8036965281751395	1.607393056350279	0.8416117771923608	1.6832235543847216	1.0	0.7718821167945862	240961176.1438858	209922007.55118594	209922007.55118594	-0.09626344719783453	1.1458734849537642	7.007338370891223	17971200.0	0.042911794	9.081510528675025
Saltmarsh_2_000000001	18057600.0	1	1	0.7996081479659669	1.5992162959319338	0.8378859321133045	1.675771864226609	1.0	0.7645822167396545	238619496.44826484	206259023.84883174	206259023.84883174	-0.0990502245582594	1.1303453438024182	6.908288146332964	18057600.0	0.043822939	8.953141437647522
Saltmarsh_2_000000001	18144000.0	1	1	0.795364352883474	1.590728705766948	0.8340237260273291	1.6680474520546582	1.0	0.7570973038673401	236197970.78022668	202523602.64423716	202523602.64423716	-0.10174965771800926	1.114367670939195	6.806538488614954	18144000.0	0.044737094	8.82127388124498
Saltmarsh_2_000000001	18230400.0	1	1	0.7909643374970013	1.5819286749940027	0.8300251193147428	1.6600502386294855	1.0	0.7494292259216309	233697456.46420428	198719933.64845255	198719933.64845255	-0.10435488751002908	1.0979545557522918	6.702183601104924	18230400.0	0.04565399	8.686029947031981
Saltmarsh_2_000000001	18316800.0	1	1	0.7864074380815292	1.5728148761630585	0.8258902517493066	1.6517805034986133	1.0	0.7415804266929626	231118944.71575198	194852497.6905285	194852497.6905285	-0.10685870562127142	1.081121194073914	6.595324895483651	18316800.0	0.046573355	8.547541064546813
Saltmarsh_2_000000001	18403200.0	1	1	0.7816931514995888	1.5633863029991777	0.8216194620771511	1.6432389241543022	1.0	0.7335538864135742	228463573.4677556	190926043.96579015	190926043.96579015	-0.1092537246716424	1.0638839445005932	6.486071170812008	18403200.0	0.047494915	8.405948237372362
Saltmarsh_2_000000001	18489600.0	1	1	0.7768211495673663	1.5536422991347325	0.8172133034626472	1.6344266069252944	1.0	0.7253530621528625	225732636.73964086	186945564.24196413	186945564.24196413	-0.11153253606845959	1.0462603572782803	6.374538634743548	18489600.0	0.048418399	8.261402070627637
Saltmarsh_2_000000001	18576000.0	1	1	0.7717913060785486	1.5435826121570972	0.812672570316096	1.625345140632192	1.0	0.7169821262359619	222927590.76325557	182916340.479859	182916340.479859	-0.11368747532482515	1.0282691777241202	6.260851159418722	18576000.0	0.049343531	8.114063102606664
Saltmarsh_2_000000001	18662400.0	1	1	0.7666037223210649	1.5332074446421298	0.807998323573763	1.615996647147526	1.0	0.7084459662437439	220050066.72762626	178843931.64561322	178843931.64561322	-0.1157107292763766	1.0099303875044428	6.1451404301423445	18662400.0	0.050270038	7.964101997464479
Saltmarsh_2_000000001	18748800.0	1	1	0.7612587171487433	1.5225174342974865	0.8031918839109017	1.6063837678218034	1.0	0.6997495889663696	217101881.74341723	174734008.82327694	174734008.82327694	-0.11759518450136064	0.9912652286177454	6.027545245640983	18748800.0	0.051197646	7.811698638350713
Saltmarsh_2_000000001	18835200.0	1	1	0.7557568789847433	1.5115137579694866	0.7982548805997746	1.5965097611995491	1.0	0.6908991932868958	214085028.9135938	170592597.45955566	170592597.45955566	-0.11933310322227386	0.9722960905200522	5.908212142418709	18835200.0	0.05212608	7.657042936574647
Saltmarsh_2_000000001	18921600.0	1	1	0.7500990500531197	1.5001981001062394	0.7931892391392986	1.5863784782785972	1.0	0.6819010376930237	211001701.8309483	166425784.8491112	166425784.8491112	-0.12091768659343494	0.953046610838991	5.787294455825274	18921600.0	0.053055066	7.500333614749555
Saltmarsh_2_000000001	19008000.0	1	1	0.7442863664352296	1.4885727328704592	0.7879972188194398	1.5759944376388797	1.0	0.672762393951416	207854279.8338254	162239923.4750571	162239923.4750571	-0.12234190654054244	0.9335415239158279	5.66495254928473	19008000.0	0.053984325	7.341778503873011
Saltmarsh_2_000000001	19094400.0	1	1	0.7378124210927537	1.4756248421855074	0.7822295624072843	1.5644591248145685	1.0	0.654734194278717	204645343.9025427	155955635.55358726	155955635.55358726	-0.13402852001412435	0.9138066977820607	5.530924029270606	19094400.0	0.055779676	7.168077541934706
Saltmarsh_2_000000001	19180800.0	1	1	0.730688556808425	1.46137711361685	0.7759016996117274	1.5518033992234548	1.0	0.6362553238868713	201100738.28980908	149479338.04963437	149479338.04963437	-0.14479002780463446	0.8921867180528064	5.386134001465972	19180800.0	0.057574495	6.9804296658999005
Saltmarsh_2_000000001	19267200.0	1	1	0.7229275018591987	1.4458550037183975	0.769030978390823	1.538061956781646	1.0	0.6173767447471619	197236075.39339122	142854281.51688582	142854281.51688582	-0.1545594048312452	0.8688308124156743	5.231574596634726	19267200.0	0.059368249	6.780120677238605
Saltmarsh_2_000000001	19353600.0	1	1	0.7145435554765912	1.4290871109531824	0.7616368609848024	1.5232737219696049	1.0	0.5981545448303223	193068416.07399794	136124573.21941385	136124573.21941385	-0.1632761541965625	0.8438990202936317	5.068298442438162	19353600.0	0.06116041	6.568514781399858
Saltmarsh_2_000000001	19440000.0	1	1	0.7055527105987816	1.411105421197563	0.7537410628610511	1.5074821257221023	1.0	0.5786490440368652	188616270.64817056	129334514.73157938	129334514.73157938	-0.1708885661336722	0.8175611397915691	4.89740987630449	19440000.0	0.062950442	6.347043199690619
Saltmarsh_2_000000001	19526400.0	1	1	0.6959727533698084	1.3919455067396167	0.745367668696131	1.490735337392262	1.0	0.5589244961738586	183899551.3571083	122528061.224331	122528061.224331	-0.17735500413317062	0.7899953102548257	4.720054872171319	19526400.0	0.064737819	6.11719111433403
Saltmarsh_2_000000001	19612800.0	1	1	0.6858232771131436	1.3716465542262872	0.7365431700405024	1.4730863400810048	1.0	0.5390477180480957	178939498.51543826	115748053.4599778	115748053.4599778	-0.18264612006421999	0.761386387364109	4.537408752107099	19612800.0	0.066522008	5.880481742730801
Saltmarsh_2_000000001	19699200.0	1	1	0.6751256798037324	1.3502513596074648	0.7272964848468884	1.4545929696937767	1.0	0.5190877914428711	173758549.56515667	109035705.41517247	109035705.41517247	-0.18674543383603148	0.7319239609118938	4.350663318271067	19699200.0	0.068302483	5.638459660479303
Saltmarsh_2_000000001	19785600.0	1	1	0.6639030681164638	1.3278061362329276	0.7176588915226371	1.4353177830452741	1.0	0.4991144835948944	168380190.1247658	102429864.76983535	102429864.76983535	-0.1896509552251472	0.701800279074324	4.161012363045918	19785600.0	0.070078714	5.39267202250751
Saltmarsh_2_000000001	19872000.0	1	1	0.6521801262762623	1.3043602525525246	0.7076639285940682	1.4153278571881365	1.0	0.47919756174087524	162828751.05372122	95966519.91357674	95966519.91357674	-0.1913753115002177	0.6712079110681014	3.9696370515457007	19872000.0	0.071850177	5.1446496188032285
Saltmarsh_2_000000001	19958400.0	1	1	0.6399829247375989	1.2799658494751978	0.6973472386653984	1.3946944773307968	1.0	0.45940569043159485	157129186.27233624	89678295.8388468	89678295.8388468	-0.1919459100261412	0.6403373892203752	3.7776911415195595	19958400.0	0.073616345	4.895887719409349
Saltmarsh_2_000000001	20044800.0	1	1	0.6273386827878066	1.2546773655756132	0.6867463696458243	1.3734927392916485	1.0	0.4398055374622345	151306823.53735793	83594076.4050474	83594076.4050474	-0.1914044427839134	0.6093748248091504	3.5862866987356465	20044800.0	0.075376697	4.647827561561398
Saltmarsh_2_000000001	20131200.0	1	1	0.6142754849903668	1.2285509699807335	0.6759005342818227	1.3518010685636455	1.0	0.42046087980270386	145387100.6450592	77738717.54507507	77738717.54507507	-0.1898060161036333	0.5784996038290087	3.396480682632013	20131200.0	0.077130708	4.4018389646910885
Saltmarsh_2_000000001	20217600.0	1	1	0.6008219405404535	1.201643881080907	0.6648503208355362	1.3297006416710724	1.0	0.4014315605163574	139395292.4482154	72132828.11526117	72132828.11526117	-0.18721808256224498	0.5478822231385508	3.209262600069768	20217600.0	0.078877862	4.15920432969042
Saltmarsh_2_000000001	20304000.0	1	1	0.5870068367660453	1.1740136735320905	0.6536373996402967	1.3072747992805933	1.0	0.3827732503414154	133356229.46458454	66792788.95252548	66792788.95252548	-0.18371835413950682	0.5176822989021342	3.0255442459302615	20304000.0	0.080617638	3.921105342725619
Saltmarsh_2_000000001	20390400.0	1	1	0.5728587272693292	1.1457174545386584	0.6423041790511221	1.2846083581022443	1.0	0.3645363748073578	127294036.80216277	61730708.3397939	61730708.3397939	-0.17939336995894584	0.48804691165791536	2.846150875971315	20390400.0	0.082349524	3.6886115352588247
Saltmarsh_2_000000001	20476800.0	1	1	0.5584055148767826	1.1168110297535652	0.6308934641630419	1.2617869283260839	1.0	0.34676599502563477	121231871.04219799	56954621.7139827	56954621.7139827	-0.1743360738519682	0.4591091824218817	2.6718148021193473	20476800.0	0.084073004	3.4626719835466746
Saltmarsh_2_000000001	20563200.0	1	1	0.5436740132920829	1.0873480265841657	0.6194481088459852	1.2388962176919704	1.0	0.32950153946876526	115191686.81426075	52468726.707738414	52468726.707738414	-0.16864360601341732	0.4309872395521094	2.5031711961059298	20563200.0	0.085787566	3.244109870153285
Saltmarsh_2_000000001	20649600.0	1	1	0.5286894576558118	1.0573789153116235	0.6080106439544797	1.2160212879089594	1.0	0.31277623772621155	109194028.88769045	48273622.486853935	48273622.486853935	-0.16241542940414258	0.40378354183841225	2.340755766701787	20649600.0	0.087492707	3.033619473645516
Saltmarsh_2_000000001	20736000.0	1	1	0.513475038344885	1.02695007668977	0.5966229468766661	1.1932458937533321	1.0	0.296617716550827	103257841.24296121	44366767.855831504	44366767.855831504	-0.1557506645405877	0.37758450381974523	2.185005102161199	20736000.0	0.089187917	2.831766612400914
Saltmarsh_2_000000001	20822400.0	1	1	0.4980513684521722	0.9961027369043444	0.5853258917910796	1.1706517835821593	1.0	0.2810475528240204	97400326.43215032	40742796.53207308	40742796.53207308	-0.14874656836313496	0.3524605510235004	2.0362585337980645	20822400.0	0.090872695	2.638991059802292
Saltmarsh_2_000000001	20908800.0	1	1	0.4824359284037442	0.9648718568074884	0.5741590271649567	1.1483180543299134	1.0	0.26608163118362427	91636821.2645989	37393963.4516723	37393963.4516723	-0.14149660331836375	0.32846642057672526	1.8947619304797008	20908800.0	0.092546545	2.455611461901692
Saltmarsh_2_000000001	20995200.0	1	1	0.4666424774000314	0.9332849548000628	0.5631602870620954	1.1263205741241908	1.0	0.25173062086105347	85980710.06646599	34310598.92684423	34310598.92684423	-0.13408877865714283	0.305641773291364	1.7606731518225578	20995200.0	0.094208966	2.281832404762035
Saltmarsh_2_000000001	21081600.0	1	1	0.45068036515986004	0.9013607303197201	0.552365709262095	1.10473141852419	1.0	0.23799997568130493	80443374.15536559	31481480.13499103	31481480.13499103	-0.12660467263775946	0.2840120733127146	1.634068479184798	21081600.0	0.095859467	2.117752749023498
Saltmarsh_2_000000001	21168000.0	1	1	0.43455376032606513	0.8691075206521303	0.5418092007810771	1.0836184015621542	1.0	0.2248905897140503	75034158.34401104	28894269.465520956	28894269.465520956	-0.11911827816751994	0.2635896254951247	1.5149502010172777	21168000.0	0.09749756	1.963375460518392
Saltmarsh_2_000000001	21254400.0	1	1	0.4182607164608539	0.8365214329217078	0.5315223340013704	1.0630446680027408	1.0	0.21239912509918213	69760368.34875791	26535878.21707062	26535878.21707062	-0.11169540790050278	0.24437479898585587	1.403254793116775	21254400.0	0.09912276	1.8186182118793404
Saltmarsh_2_000000001	21340800.0	1	1	0.4017920247432574	0.8035840494865149	0.5215341931563123	1.0430683863126247	1.0	0.20051859319210052	64627282.45940412	24392830.944582045	24392830.944582045	-0.10439319204900502	0.22635734677191524	1.2988616010677698	21340800.0	0.100734584	1.6833246349838298
Saltmarsh_2_000000001	21427200.0	1	1	0.3851297181904084	0.7702594363808168	0.5118712604659039	1.0237425209318078	1.0	0.18923865258693695	59638177.67941057	22451562.50657301	22451562.50657301	-0.09725999370145562	0.20951780623432067	1.2016016073663138	21427200.0	0.102332554	1.5572756831467427
Saltmarsh_2_000000001	21513600.0	1	1	0.36824508193131267	0.7364901638626253	0.5025573640715908	1.0051147281431816	1.0	0.17854611575603485	54794353.10815794	20698712.98360814	20698712.98360814	-0.09033534844429053	0.19382891336233124	1.1112662589220237	21513600.0	0.103916198	1.4402010715629427
Saltmarsh_2_000000001	21600000.0	1	1	0.35109592437898307	0.7021918487579661	0.4936137062157486	0.9872274124314973	1.0	0.1684255450963974	50095146.51165287	19121410.04142264	19121410.04142264	-0.08364997650008775	0.17925702670720095	1.027616282421936	21600000.0	0.105485047	1.3317907020188289
Saltmarsh_2_000000001	21686400.0	1	1	0.3336226545161269	0.6672453090322538	0.4850589687818709	0.9701179375637418	1.0	0.1588595062494278	45537933.288931146	17707500.70611079	17707500.70611079	-0.07722604584738962	0.16576354937794358	0.9503902365745462	21686400.0	0.107038634	1.2317057466006118
Saltmarsh_2_000000001	21772800.0	1	1	0.31574248205987404	0.6314849641197481	0.47690953782974127	0.9538190756594825	1.0	0.14982903003692627	41118078.13794437	16445815.219429784	16445815.219429784	-0.07107723249640725	0.15330630859355618	0.879313004078139	21772800.0	0.108576501	1.139589653285268
Saltmarsh_2_000000001	21859200.0	1	1	0.29734048915178735	0.5946809783035747	0.469179889638418	0.938359779276836	1.0	0.1413140445947647	36828817.747562565	15326464.483570572	15326464.483570572	-0.06520860309438684	0.1418409255122397	0.8141044009837523	21859200.0	0.110098191	1.0550793036749428
Saltmarsh_2_000000001	21945600.0	1	1	0.2782551897939511	0.5565103795879022	0.46188319711872977	0.9237663942374595	1.0	0.13329356908798218	32661027.512001794	14341201.03343151	14341201.03343151	-0.05961619883025035	0.1313222039974079	0.7544882021535019	21945600.0	0.111603252	0.9778167099909385
Saltmarsh_2_000000001	22032000.0	1	1	0.25825387542330774	0.5165077508466155	0.4550323053766304	0.9100646107532608	1.0	0.12574611604213715	28602782.703819472	13483989.737837927	13483989.737837927	-0.05428563781434917	0.12170558650353881	0.7002025643391527	22032000.0	0.113091241	0.907462523383542
Saltmarsh_2_000000001	22118400.0	1	1	0.23698731755718183	0.47397463511436366	0.44864133029975545	0.8972826605995109	1.0	0.11864997446537018	24638566.423236135	12751950.715734562	12751950.715734562	-0.04918908183179872	0.11294883541047153	0.6510134825073538	22118400.0	0.114561713	0.8437134733295305
Saltmarsh_2_000000001	22204800.0	1	1	0.21389798840207772	0.42779597680415543	0.44272842699283094	0.8854568539856619	1.0	0.11198332160711288	20747795.123806305	12147116.979707433	12147116.979707433	-0.04427861874854507	0.10501420364708224	0.6067348637588088	22204800.0	0.116014236	0.7863283834314163
Saltmarsh_2_000000001	22291200.0	1	1	0.18800645503585245	0.3760129100717049	0.43732108172495376	0.8746421634499075	1.0	0.1057245284318924	16901884.941052996	11680193.200047927	11680193.200047927	-0.0394707067908573	0.09787167279109693	0.5672641569679515	22291200.0	0.117448378	0.7351743474304652
Saltmarsh_2_000000001	22377600.0	1	1	0.15729176219355895	0.3145835243871179	0.4324676750880729	0.8649353501761458	1.0	0.09985227137804031	13057717.293119263	11379764.151238414	11379764.151238414	-0.03460587968731983	0.0915047004435119	0.5326582772806316	22377600.0	0.118863715	0.6903251273556986
Saltmarsh_2_000000001	22464000.0	1	1	0.08839121313331388	0.17678242626662777	0.42668586720202545	0.8533717344040509	1.0	0.09434567391872406	9139736.94741031	11320759.73790111	9139736.94741031	-0.040223782781154405	0.08592246751820595	0.4924344944994771	22464000.0	0.120259826	0.6381951048713224
