plant	time	x	y	r_ag	h_ag	r_bg	h_bg	aboveground_resources	belowground_resources	res_ag	res_bg	res_eff	grow	maint	volume	age	salinity	transpiration
Saltmarsh_3_000000001	0.0	1	1	0.05	0.1	0.05	0.1	NaN	NaN	NaN	NaN	NaN	NaN	NaN	NaN	NaN	NaN	NaN
Saltmarsh_3_000000001	86400.0	1	1	0.06776472586352994	0.13552945172705988	0.07099957668495563	0.14199915336991126	1.0	0.6353411078453064	923552.841931713	586771.0857465757	586771.0857465757	0.002633183402653427	0.0003006720260794517	0.004203979729448326	86400.0	0.067662231	0.005448357729365029
Saltmarsh_3_000000001	172800.0	1	1	0.08792178036245049	0.17584356072490098	0.09365169080322669	0.18730338160645338	1.0	0.6281526684761047	1696403.3128477603	1206408.4773367797	1206408.4773367797	0.005227342833159147	0.0008046995535247515	0.009431322562607477	172800.0	0.068348897	0.01222299404113929
Saltmarsh_3_000000001	259200.0	1	1	0.10837595123624547	0.21675190247249093	0.11643632697305929	0.23287265394611859	1.0	0.6092890501022339	2855713.8496151557	2058079.3672374683	2058079.3672374683	0.008485111952886041	0.0018052848833013003	0.017916434515493525	259200.0	0.070126118	0.023219699132079608
Saltmarsh_3_000000001	345600.0	1	1	0.1270906004352858	0.2541812008705716	0.13769675453924368	0.27539350907848736	1.0	0.5643035173416138	4338979.368995328	2962999.598994374	2962999.598994374	0.011385545955900066	0.003429452039071803	0.02930198047139359	345600.0	0.074252303	0.0379753666909261
Saltmarsh_3_000000001	432000.0	1	1	0.14106911517427512	0.28213823034855023	0.15468822999587975	0.3093764599917595	1.0	0.46597805619239807	5966897.855189486	3440556.8608606006	3440556.8608606006	0.011593982140593321	0.005608802163709682	0.040895962611986914	432000.0	0.08302885	0.05300116754513504
Saltmarsh_3_000000001	518400.0	1	1	0.14624010652864813	0.29248021305729627	0.16221077291360733	0.32442154582721466	1.0	0.28539180755615234	7351663.57983049	2680077.6071518906	2680077.6071518906	0.005572338194246698	0.007828049841512755	0.046468300806233626	518400.0	0.100397141	0.060222917844878786
Saltmarsh_3_000000001	604800.0	1	1	0.14048113288883715	0.2809622657776743	0.15758101519456047	0.31516203038912094	1.0	0.08520491421222687	7900502.77361196	886401.2809241881	886401.2809241881	-0.004462665624812707	0.008894672029433648	0.04200563518142092	604800.0	0.132747577	0.05443930319512151
Saltmarsh_3_000000001	691200.0	1	1	0.16434229277899487	0.32868458555798974	0.18163439699649772	0.36326879399299544	1.0	0.6385889649391174	7290507.182066455	6314858.5243441155	6314858.5243441155	0.023533836184874556	0.008040456436846028	0.06553947136629548	691200.0	0.067350109	0.08493915489071895
Saltmarsh_3_000000001	777600.0	1	1	0.1865520004644496	0.3731040009288992	0.2045229491749122	0.4090458983498244	1.0	0.6385889649391174	9977469.839132555	8310305.140948205	8310305.140948205	0.02900636927183238	0.012545156432908648	0.09454584063812788	777600.0	0.067350109	0.12253140946701373
Saltmarsh_3_000000001	864000.0	1	1	0.20740336656995395	0.4148067331399079	0.22628398433440527	0.45256796866881055	1.0	0.6385889053344727	12856464.68981158	10481973.463762574	10481973.463762574	0.034312492772454704	0.018097374546358166	0.1288583334105826	864000.0	0.067350113	0.16700040010011505
Saltmarsh_3_000000001	950400.0	1	1	0.22704137644584346	0.4540827528916869	0.24693943576987262	0.49387887153974525	1.0	0.6385877132415771	15891077.420726007	12791029.949675372	12791029.949675372	0.039289892055270295	0.02466525769310657	0.1681482254658529	950400.0	0.067350234	0.21792010020374536
Saltmarsh_3_000000001	1036800.0	1	1	0.24555437556764423	0.49110875113528846	0.26651230139764504	0.5330246027952901	1.0	0.6385728120803833	19042841.93069371	15201729.807686003	15201729.807686003	0.04382276550275769	0.03218588353567233	0.2119709909686106	1036800.0	0.067351667	0.27471440429531935
Saltmarsh_3_000000001	1123200.0	1	1	0.2630037875220835	0.526007575044167	0.28502768260524686	0.5700553652104937	1.0	0.6384755969047546	22274968.315492064	17680194.66005811	17680194.66005811	0.04782680958636992	0.04057416371392063	0.25979780055498053	1123200.0	0.067361021	0.3366979495192548
Saltmarsh_3_000000001	1209600.0	1	1	0.279427014508295	0.55885402901659	0.30250400503098274	0.6050080100619655	1.0	0.6380375623703003	25553226.5890447	20188805.929356463	20188805.929356463	0.05121515663417637	0.049728873012605944	0.31101295718915706	1209600.0	0.067403186	0.40307279251714756
Saltmarsh_3_000000001	1296000.0	1	1	0.29481689100937003	0.5896337820187401	0.3189290376167677	0.6378580752335354	1.0	0.636503279209137	28844201.55555687	22670093.8720489	22670093.8720489	0.05381831081119038	0.059532158549054116	0.3648312680003475	1296000.0	0.067550677	0.47282132332845034
Saltmarsh_3_000000001	1382400.0	1	1	0.3090676643137868	0.6181353286275736	0.3342074774577228	0.6684149549154456	1.0	0.6320242881774902	32108976.65835981	25009441.295836415	25009441.295836415	0.05521348287312794	0.06983372360605414	0.4200447508734755	1382400.0	0.06797976	0.5443779971320242
Saltmarsh_3_000000001	1468800.0	1	1	0.3218670132439269	0.6437340264878538	0.34805570803720165	0.6961114160744033	1.0	0.6205991506576538	35288149.16750218	26959346.076165516	26959346.076165516	0.054394386592015564	0.08040234378881203	0.47443913746549105	1468800.0	0.069064622	0.6148731221552765
Saltmarsh_3_000000001	1555200.0	1	1	0.33250199039865824	0.6650039807973165	0.35979464642669423	0.7195892928533885	1.0	0.5942580103874207	38271429.17014709	27999141.30321043	27999141.30321043	0.04918152884083088	0.09081417767522126	0.5236206663063219	1555200.0	0.071520088	0.6786123835329931
Saltmarsh_3_000000001	1641600.0	1	1	0.3395516493935445	0.679103298787089	0.36793089694784303	0.7358617938956861	1.0	0.5381770730018616	40842304.52518646	27107766.95463477	27107766.95463477	0.03531063589736161	0.10022819887581225	0.5589313022036837	1641600.0	0.076599866	0.7243749676559741
Saltmarsh_3_000000001	1728000.0	1	1	0.34067256351557823	0.6813451270311565	0.36936137712410344	0.7387227542482069	1.0	0.4290371835231781	42592529.141636394	22619127.040983364	22619127.040983364	0.006108494856993607	0.10698714034792321	0.5650397970606773	1728000.0	0.086350676	0.7322915769906378
Saltmarsh_3_000000001	1814400.0	1	1	0.33113164614749113	0.6622632922949823	0.36129533710087264	0.7225906742017453	1.0	0.25425565242767334	42874202.75686515	13514084.600393798	13514084.600393798	-0.04058596729492485	0.10815639029689385	0.5244538297657525	1814400.0	0.103912057	0.6796921633764152
Saltmarsh_3_000000001	1900800.0	1	1	0.34410324799022274	0.6882064959804455	0.37491249860618514	0.7498249972123703	1.0	0.6385889649391174	40506350.52786321	32609095.31753858	32609095.31753858	0.06265779876408256	0.10038767782361036	0.587111628529835	1900800.0	0.067350109	0.7608966705746661
Saltmarsh_3_000000001	1987200.0	1	1	0.3562324136884621	0.7124648273769242	0.3876781651821071	0.7753563303642143	1.0	0.6385889649391174	43742065.26827957	35081025.76719429	35081025.76719429	0.0630238863581097	0.11238124247786178	0.6501355148879447	1987200.0	0.067350109	0.8425756272947763
Saltmarsh_3_000000001	2073600.0	1	1	0.3675777205172124	0.7351554410344248	0.3996439981484776	0.7992879962969552	1.0	0.6385889649391174	46880108.4173636	37482564.05252084	37482564.05252084	0.06296793892880038	0.12444488133380384	0.7131034538167453	2073600.0	0.067350111	0.9241820761465019
Saltmarsh_3_000000001	2160000.0	1	1	0.3781921783481411	0.7563843566962822	0.41085852052668326	0.8217170410533665	1.0	0.6385883688926697	49913738.66207359	39807487.93052297	39807487.93052297	0.06253962857049633	0.13649781108211853	0.7756430823872417	2160000.0	0.067350169	1.0052334347738652
Saltmarsh_3_000000001	2246400.0	1	1	0.388123959911254	0.776247919822508	0.4213671192979382	0.8427342385958764	1.0	0.6385814547538757	52838055.376618996	42050867.38228034	42050867.38228034	0.06178558057572789	0.14846875633567383	0.8374286629629697	2246400.0	0.06735083	1.0853075472000087
Saltmarsh_3_000000001	2332800.0	1	1	0.3974158361794886	0.7948316723589772	0.4312110564272818	0.8624221128545636	1.0	0.63853919506073	55649676.978046164	44207427.552745156	44207427.552745156	0.06074177133398273	0.16029536642974304	0.8981704342969525	2332800.0	0.067354902	1.1640288828488505
Saltmarsh_3_000000001	2419200.0	1	1	0.40610184720002246	0.8122036944000449	0.44042398127316545	0.8808479625463309	1.0	0.6383609175682068	58346133.05307419	46267213.33244991	46267213.33244991	0.059413889586782315	0.17192217707546725	0.9575843238837347	2419200.0	0.067372063	1.2410292837533203
Saltmarsh_3_000000001	2505600.0	1	1	0.4141992041622512	0.8283984083245024	0.44902387721797243	0.8980477544359449	1.0	0.637784481048584	60924457.43384161	48206745.778169684	48206745.778169684	0.057738916003474805	0.18329481288737362	1.0153232398872096	2505600.0	0.06742753	1.3158589188938237
Saltmarsh_3_000000001	2592000.0	1	1	0.42169375357606287	0.8433875071521257	0.45699857134244853	0.9139971426848971	1.0	0.6362581253051758	63378252.52661176	49974695.30506538	49974695.30506538	0.055526640812168515	0.1943468357131584	1.070849880699378	2592000.0	0.067574226	1.387821445386394
Saltmarsh_3_000000001	2678400.0	1	1	0.42851986377424484	0.8570397275484897	0.464285099744894	0.928570199489788	1.0	0.6328164935112	65692543.35453828	51474602.40561069	51474602.40561069	0.05239761339455368	0.20497539863349978	1.1232474940939317	2678400.0	0.067904026	1.4557287523457354
Saltmarsh_3_000000001	2764800.0	1	1	0.4345416553396796	0.8690833106793592	0.47074861314641214	0.9414972262928243	1.0	0.6260696053504944	67836535.01619203	52554542.29942023	52554542.29942023	0.04776768883639587	0.21500502266070526	1.1710151829303275	2764800.0	0.068546848	1.5176356770777044
Saltmarsh_3_000000001	2851200.0	1	1	0.439554078740173	0.879108157480346	0.4761776195951506	0.9523552391903012	1.0	0.6145239472389221	69756481.89499925	53027192.33624266	53027192.33624266	0.04098754624668005	0.22414841543453323	1.2120027291770072	2851200.0	0.069636248	1.5707555370134014
Saltmarsh_3_000000001	2937600.0	1	1	0.4433432609761859	0.8866865219523719	0.4803361050009669	0.9606722100019338	1.0	0.597661554813385	71375040.72695181	52768454.3873984	52768454.3873984	0.03184827629336809	0.2319939956436239	1.2438510054703755	2937600.0	0.07120598	1.6120309030896067
Saltmarsh_3_000000001	3024000.0	1	1	0.44587747318018467	0.8917549463603693	0.4831598378065072	0.9663196756130144	1.0	0.5785084366798401	72610923.96268114	51977176.630633056	51977176.630633056	0.02179568929662337	0.23809019385654193	1.265646694766999	3024000.0	0.072963259	1.6402781164180307
Saltmarsh_3_000000001	3110400.0	1	1	0.45150743407094773	0.9030148681418955	0.4891444894186205	0.978288978837241	1.0	0.6385889649391174	73443404.90295036	58057870.607580476	58057870.607580476	0.04802716441104818	0.2422621886268542	1.3136738591780472	3110400.0	0.067350109	1.7025213214947492
Saltmarsh_3_000000001	3196800.0	1	1	0.45677393458225346	0.9135478691645069	0.49474529391904937	0.9894905878380987	1.0	0.6385889649391174	75309809.86064097	59495887.79001499	59495887.79001499	0.04602419035485078	0.25145524859522417	1.359698049532898	3196800.0	0.067350109	1.762168672194636
Saltmarsh_3_000000001	3283200.0	1	1	0.4617003894903733	0.9234007789807466	0.49998656760347043	0.9999731352069409	1.0	0.6385889649391174	77076922.6772589	60857814.09202018	60857814.09202018	0.0440241586853764	0.2602649117747245	1.4037222082182743	3283200.0	0.067350109	1.8192239818508835
Saltmarsh_3_000000001	3369600.0	1	1	0.46630870410521735	0.9326174082104347	0.5048911320734488	1.0097822641468976	1.0	0.638589084148407	78748487.69046466	62146460.059738554	62146460.059738554	0.04204055892004105	0.2686917413786517	1.4457627671383153	3369600.0	0.067350105	1.8737085462112568
Saltmarsh_3_000000001	3456000.0	1	1	0.47061939603499553	0.9412387920699911	0.509480421182214	1.018960842364428	1.0	0.6385897994041443	80328338.55980313	63364756.01493266	63364756.01493266	0.040084897375154804	0.2767388826995085	1.48584766451347	3456000.0	0.067350028	1.925658573209457
Saltmarsh_3_000000001	3542400.0	1	1	0.47465201613774266	0.9493040322754853	0.5137748933472275	1.027549786694455	1.0	0.6385976076126099	81820359.75015917	64516294.68533673	64516294.68533673	0.03816978992965431	0.28441168349702933	1.5240174544431238	3542400.0	0.067349277	1.9751266209582883
Saltmarsh_3_000000001	3628800.0	1	1	0.47842662982379947	0.9568532596475989	0.5177955235622859	1.0355910471245717	1.0	0.6386450529098511	83228563.75429028	65607490.47512159	65607490.47512159	0.036319545991876756	0.2917179063837312	1.5603370004350006	3628800.0	0.067344707	2.0221967525637607
Saltmarsh_3_000000001	3715200.0	1	1	0.48196889764721884	0.9639377952944377	0.5215689667095713	1.0431379334191426	1.0	0.6388587951660156	84557557.6610336	66655217.68101024	66655217.68101024	0.034606121277744484	0.2986699671273067	1.5949431217127445	3715200.0	0.067324125	2.067046285739717
Saltmarsh_3_000000001	3801600.0	1	1	0.48532423761057797	0.9706484752211559	0.525142005488831	1.050284010977662	1.0	0.6396331191062927	85814320.30561323	67707150.06153978	67707150.06153978	0.03324169549834283	0.3052940548093561	1.6281848172110873	3801600.0	0.067249504	2.1101275231055694
Saltmarsh_3_000000001	3888000.0	1	1	0.4885920058157178	0.9771840116314356	0.5286163520023063	1.0572327040046126	1.0	0.6420151591300964	87013312.55449302	68888668.05712242	68888668.05712242	0.03278636765851661	0.3116569726270955	1.660971184869604	3888000.0	0.067019526	2.1526186555910067
Saltmarsh_3_000000001	3974400.0	1	1	0.49199839213685065	0.9839967842737013	0.5322216612791639	1.0644433225583279	1.0	0.6484501957893372	88189007.34129187	70497546.5555574	70497546.5555574	0.03455499834534875	0.31793273443243825	1.695526183214953	3974400.0	0.066394803	2.1974019334465793
Saltmarsh_3_000000001	4060800.0	1	1	0.4960350248179201	0.9920700496358402	0.5364470184083194	1.0728940368166389	1.0	0.664021909236908	89422973.57772402	73171383.58778764	73171383.58778764	0.04130988145699893	0.3245470364819393	1.7368360646719518	4060800.0	0.064860687	2.25093953981485
Saltmarsh_3_000000001	4147200.0	1	1	0.5016805865571521	1.0033611731143042	0.5422202596173656	1.0844405192347313	1.0	0.6979113221168518	90896346.2342387	78118420.5422505	78118420.5422505	0.05813778662666641	0.3324543160845861	1.7949738512986184	4147200.0	0.061391743	2.3262861112830096
Saltmarsh_3_000000001	4233600.0	1	1	0.5105908847067445	1.021181769413489	0.5509638160766376	1.1019276321532752	1.0	0.762586236000061	92977171.77196987	87170048.46165678	87170048.46165678	0.09226755407345083	0.34358268823483307	1.887241405372069	4233600.0	0.054068639	2.4458648613622014
Saltmarsh_3_000000001	4320000.0	1	1	0.5119640179424217	1.0239280358848435	0.5524354533071191	1.1048709066142381	1.0	0.6385889649391174	96309217.66208944	75290620.7862012	75290620.7862012	0.015209136540226542	0.3612439673907794	1.9024505419122955	4320000.0	0.067350109	2.465575902318335
Saltmarsh_3_000000001	4406400.0	1	1	0.5132490258183692	1.0264980516367384	0.5538126917132227	1.1076253834264453	1.0	0.6385889649391174	96827923.40303475	75692467.64960417	75692467.64960417	0.01430713289439256	0.36415520535362833	1.9167576748066883	4406400.0	0.067350109	2.484117946549468
Saltmarsh_3_000000001	4492800.0	1	1	0.5144515454821575	1.028903090964315	0.5551015633005905	1.110203126601181	1.0	0.6385889649391174	97314601.33389208	76069511.04888117	76069511.04888117	0.013453767834424979	0.3668937874099809	1.930211442641113	4492800.0	0.067350107	2.5015540296628824
Saltmarsh_3_000000001	4579200.0	1	1	0.5155768750212797	1.0311537500425594	0.5563077378577108	1.1126154757154216	1.0	0.6385893225669861	97771143.11109155	76423257.56878072	76423257.56878072	0.012647264189620477	0.36946902365428314	1.9428587068307337	4579200.0	0.06735007	2.517944884052631
Saltmarsh_3_000000001	4665600.0	1	1	0.5166302150058942	1.0332604300117885	0.5574367782322706	1.1148735564645411	1.0	0.6385945081710815	98199347.05919194	76755636.69772364	76755636.69772364	0.011888299482557652	0.37188988400606054	1.9547470063132915	4665600.0	0.067349577	2.5333521201820255
Saltmarsh_3_000000001	4752000.0	1	1	0.5176178774166259	1.0352357548332518	0.5584954190820376	1.1169908381640752	1.0	0.6386314630508423	98601005.73158637	77071292.79498945	77071292.79498945	0.01119099590296685	0.3741654680719804	1.9659380022162583	4752000.0	0.067346016	2.547855650872271
Saltmarsh_3_000000001	4838400.0	1	1	0.5185519674110308	1.0371039348220616	0.5594965229771396	1.1189930459542792	1.0	0.6388159394264221	98978364.97654167	77386021.0512931	77386021.0512931	0.010622526616364814	0.3763075786401007	1.976560528832623	4838400.0	0.067328255	2.5616224453670795
Saltmarsh_3_000000001	4924800.0	1	1	0.5194642004825906	1.0389284009651811	0.5604737010638945	1.120947402127789	1.0	0.639528751373291	99335918.78606981	77749748.9334322	77749748.9334322	0.010407868300713996	0.37834087636644703	1.986968397133337	4924800.0	0.067259571	2.5751110426848047
Saltmarsh_3_000000001	5011200.0	1	1	0.5204403680967663	1.0408807361935326	0.5615175983497551	1.1230351966995102	1.0	0.6418167352676392	99685728.34369303	78300058.60806096	78300058.60806096	0.011167207502138454	0.38033308553816636	1.9981356046354752	5011200.0	0.067038713	2.5895837436075757
Saltmarsh_3_000000001	5097600.0	1	1	0.5216952827966309	1.0433905655932618	0.5628532802230455	1.125706560446091	1.0	0.6481778621673584	100060735.55720305	79370080.35218583	79370080.35218583	0.014379759081813326	0.38247064267911585	2.012515363717289	5097600.0	0.066421348	2.6082199113776063
Saltmarsh_3_000000001	5184000.0	1	1	0.5237171391002834	1.0474342782005668	0.5649807756768204	1.1299615513536407	1.0	0.6638752222061157	100543861.32347983	81677715.55712466	81677715.55712466	0.023165451398778625	0.3852231263868447	2.0356808151160677	5184000.0	0.064875292	2.6382423363904235
Saltmarsh_3_000000001	5270400.0	1	1	0.5275008333031449	1.0550016666062898	0.568866693762485	1.13773338752497	1.0	0.6984791159629822	101324697.06270087	86580599.39663725	86580599.39663725	0.043245684516133476	0.38965731246705276	2.0789264996322014	5270400.0	0.061331864	2.6942887435233334
Saltmarsh_3_000000001	5356800.0	1	1	0.5347486352576473	1.0694972705152945	0.5759966509852625	1.151993301970525	1.0	0.7649136781692505	102794064.96034479	96102818.28783187	96102818.28783187	0.08257896003348586	0.3979351314056735	2.161505459665687	5356800.0	0.053782	2.8013110757267303
Saltmarsh_3_000000001	5443200.0	1	1	0.5447922790332466	1.0895845580664931	0.5853253540999549	1.1706507081999098	1.0	0.8653869032859802	105638228.60406823	111382485.77790065	105638228.60406823	0.11444926264202121	0.41374188037832	2.275954722307708	5443200.0	0.038649514	2.94963732011079
Saltmarsh_3_000000001	5529600.0	1	1	0.5437201983792116	1.0874403967584232	0.5843969676858664	1.1687939353717327	1.0	0.6385889649391174	109643686.2876102	84735415.12466088	84735415.12466088	-0.011971968080314699	0.4356490437036191	2.263982754227393	5529600.0	0.067350109	2.9341216494787012
Saltmarsh_3_000000001	5616000.0	1	1	0.5427387811658837	1.0854775623317674	0.5835477171477709	1.1670954342955417	1.0	0.6385889649391174	109212581.7330423	84487846.15639363	84487846.15639363	-0.01091821353510819	0.43335744431707635	2.253064540692285	5616000.0	0.067350109	2.9199716447372013
Saltmarsh_3_000000001	5702400.0	1	1	0.5418405104993994	1.0836810209987988	0.5827709418221435	1.165541883644287	1.0	0.6385889649391174	108818679.2259547	84261776.89755009	84261776.89755009	-0.009958663559026248	0.4312675480467767	2.2431058771332584	5702400.0	0.067350107	2.907065216764703
Saltmarsh_3_000000001	5788800.0	1	1	0.5410185154554383	1.0820370309108767	0.5820605681621789	1.1641211363243578	1.0	0.6385897397994995	108458772.24862505	84055434.75746976	84055434.75746976	-0.009084149054887414	0.4293613228422362	2.234021728078371	5788800.0	0.067350037	2.895292159589569
Saltmarsh_3_000000001	5875200.0	1	1	0.5402669284829883	1.0805338569659766	0.5814114135854318	1.1628228271708636	1.0	0.6385988593101501	108129948.73905677	83868113.87877196	83868113.87877196	-0.008281922350449278	0.4276224917443091	2.2257398057279216	5875200.0	0.067349157	2.8845587882233867
Saltmarsh_3_000000001	5961600.0	1	1	0.5395831374760528	1.0791662749521056	0.5808211251654216	1.1616422503308432	1.0	0.6386629343032837	107829727.54998446	83704469.51798573	83704469.51798573	-0.007514870283754915	0.4260372178736836	2.2182249354441668	5961600.0	0.067342988	2.87481951633564
Saltmarsh_3_000000001	6048000.0	1	1	0.5389761790717379	1.0779523581434758	0.5802974115098389	1.1605948230196779	1.0	0.638973593711853	107556950.02516557	83588845.2601612	83588845.2601612	-0.0066545420199993766	0.4245987683208054	2.211570393424167	6048000.0	0.067313064	2.8661952298777207
Saltmarsh_3_000000001	6134400.0	1	1	0.5384909334670258	1.0769818669340516	0.579878886235524	1.159757772471048	1.0	0.640143871307373	107315111.93511976	83603130.81265314	83603130.81265314	-0.005309343369708119	0.4233249974329738	2.206261050054459	6134400.0	0.067200251	2.8593143208705785
Saltmarsh_3_000000001	6220800.0	1	1	0.5382660593096243	1.0765321186192487	0.5796849827553804	1.1593699655107608	1.0	0.6438086628913879	107121965.19894356	83970296.90258776	83970296.90258776	-0.0024572315594980076	0.4223087160724368	2.2038038184949604	6220800.0	0.066845921	2.856129748769469
Saltmarsh_3_000000001	6307200.0	1	1	0.5386126393372033	1.0772252786744065	0.5800536904548055	1.160107380909611	1.0	0.6537449359893799	107032515.47794136	85213855.89737414	85213855.89737414	0.004230911338565013	0.42183836814830566	2.2080347298335257	6307200.0	0.06587685	2.861613009864249
Saltmarsh_3_000000001	6393600.0	1	1	0.5402193034610814	1.0804386069221628	0.5817337105809901	1.1634674211619802	1.0	0.6775538325309753	107170392.55207467	88429213.99150956	88429213.99150956	0.019497847175239613	0.4226482227823082	2.227532577008765	6393600.0	0.063498824	2.8868822198033595
Saltmarsh_3_000000001	6480000.0	1	1	0.5444765875017014	1.0889531750034027	0.5860351392783092	1.1720702785566184	1.0	0.7277445793151855	107810717.81046025	95525346.76815218	95525346.76815218	0.05124635488112794	0.42638037895963293	2.2787789318898923	6480000.0	0.058150896	2.953297495729301
Saltmarsh_3_000000001	6566400.0	1	1	0.5534075417779293	1.1068150835558586	0.5945845073014419	1.1891690146028837	1.0	0.8156211972236633	109516652.34902559	108615221.05360766	108615221.05360766	0.10688646899830268	0.4361896362697356	2.385665400888196	6566400.0	0.046956492	3.091822359551102
Saltmarsh_3_000000001	6652800.0	1	1	0.5625117969158865	1.125023593831773	0.6028162202264283	1.2056324404528567	1.0	0.922726571559906	113138883.10144062	126342790.49931408	113138883.10144062	0.10904523865541554	0.4566491768517876	2.4947106395436114	6652800.0	0.02488928	3.2331449888485206
Saltmarsh_3_000000001	6739200.0	1	1	0.5600790210821223	1.1201580421642445	0.600699606125008	1.201399212250016	1.0	0.6385889649391174	116892059.39223059	89725464.66770731	89725464.66770731	-0.028894612305436718	0.47752193564397327	2.4658160272381737	6739200.0	0.067350109	3.1956975713006734
Saltmarsh_3_000000001	6825600.0	1	1	0.5578485847652219	1.1156971695304438	0.5987620931566585	1.197524186313317	1.0	0.6385889649391174	115883165.90364711	89143873.20024738	89143873.20024738	-0.026271743350073096	0.47199110935131	2.439544283888101	6825600.0	0.067350109	3.161649391918979
Saltmarsh_3_000000001	6912000.0	1	1	0.555804361647499	1.111608723294998	0.5969889382534302	1.1939778765068605	1.0	0.6385889649391174	114962026.73686858	88613548.49941283	88613548.49941283	-0.023894593761922933	0.46696233625898714	2.415649690126178	6912000.0	0.067350107	3.130681998403527
Saltmarsh_3_000000001	6998400.0	1	1	0.5539314720623356	1.1078629441246712	0.5953666053064368	1.1907332106128736	1.0	0.6385900378227234	114121019.16457433	88130082.92921746	88130082.92921746	-0.021738167653720275	0.46238858229980756	2.393911522472458	6998400.0	0.067350008	3.1025093331243054
Saltmarsh_3_000000001	7084800.0	1	1	0.5522167643084396	1.1044335286168792	0.593883162707788	1.187766325415576	1.0	0.638602614402771	113353209.58771102	87690776.78251365	87690776.78251365	-0.01977371405069256	0.4582275979632608	2.3741378084217652	7084800.0	0.067348794	3.076882599714608
Saltmarsh_3_000000001	7171200.0	1	1	0.5506518633161853	1.1013037266323706	0.5925308972158436	1.1850617944316872	1.0	0.6386901140213013	112652520.77531655	87300664.457301	87300664.457301	-0.017939314784423788	0.4544426370709288	2.356198493637341	7171200.0	0.067340374	3.053633247753994
Saltmarsh_3_000000001	7257600.0	1	1	0.5492443581675716	1.0984887163351431	0.5913159358629199	1.1826318717258397	1.0	0.6391090750694275	112014944.14631721	86992132.55114798	86992132.55114798	-0.016048142677884403	0.4510088054336243	2.3401503509594566	7257600.0	0.067300017	3.032834854843456
Saltmarsh_3_000000001	7344000.0	1	1	0.5480496114624708	1.0960992229249416	0.5902855976762544	1.1805711953525089	1.0	0.6406688690185547	111443039.74000214	86875809.66570795	86875809.66570795	-0.013557921825448294	0.44793697015398803	2.326592429134008	7344000.0	0.067149591	3.0152637881576747
Saltmarsh_3_000000001	7430400.0	1	1	0.5472455639049676	1.0944911278099352	0.5895926990676278	1.1791853981352556	1.0	0.645495593547821	110958732.93169744	87250144.26664503	87250144.26664503	-0.009091076069753123	0.4453417974029783	2.317501353064255	7430400.0	0.06668227	3.0034817535712746
Saltmarsh_3_000000001	7516800.0	1	1	0.547278701496459	1.094557402992918	0.5896278028452957	1.1792556056905914	1.0	0.6584089398384094	110633395.03694987	88803748.88480517	88803748.88480517	0.00041710404491362985	0.44360164037911226	2.317918457109168	7516800.0	0.065417509	3.004022320413482
Saltmarsh_3_000000001	7603200.0	1	1	0.5489525407677917	1.0979050815355833	0.5913627414300285	1.182725482860057	1.0	0.688791811466217	110646793.90389384	92912679.23368023	92912679.23368023	0.0208819163370757	0.4436814798313255	2.3388003734462446	7603200.0	0.062344959	3.031085283986333
Saltmarsh_3_000000001	7689600.0	1	1	0.5539428448077075	1.107885689615415	0.5963256399520324	1.1926512799040647	1.0	0.7507144212722778	111324650.2535234	101854710.71598756	101854710.71598756	0.06159498769334926	0.4476785658865886	2.4003953611395934	7689600.0	0.055501642	3.1109123880369127
Saltmarsh_3_000000001	7776000.0	1	1	0.5627068876719512	1.1254137753439024	0.6045400286152919	1.2090800572305838	1.0	0.8508219122886658	113357864.13611044	117329889.5900111	113357864.13611044	0.10732062679952992	0.4594686938810223	2.5077159879391235	7776000.0	0.041309733	3.2499999203691043
Saltmarsh_3_000000001	7862400.0	1	1	0.5712525737279611	1.1425051474559222	0.6121477000047082	1.2242954000094164	1.0	0.9520634412765503	116973154.63295992	134756450.9566005	116973154.63295992	0.10485443492594848	0.4800113382388511	2.6125704228650717	7862400.0	0.013583279	3.385891268033133
Saltmarsh_3_000000001	7948800.0	1	1	0.5681899916509616	1.1363799833019232	0.6094833403195916	1.2189666806391832	1.0	0.6385889649391174	120553015.95733398	92521329.6081473	92521329.6081473	-0.03747527150443153	0.500081919545168	2.5750951513606406	7948800.0	0.067350109	3.33732331616339
Saltmarsh_3_000000001	8035200.0	1	1	0.5653811151566248	1.1307622303132496	0.6070444829969023	1.2140889659938046	1.0	0.6385889649391174	119263870.51946527	91778230.5064779	91778230.5064779	-0.03401748450701525	0.4929086370394048	2.5410776668536252	8035200.0	0.067350109	3.2932366562422986
Saltmarsh_3_000000001	8121600.0	1	1	0.5628060154591815	1.125612030918363	0.6048126909918162	1.2096253819836325	1.0	0.638589084148407	118087610.9978973	91101297.92854463	91101297.92854463	-0.030890732890308137	0.48639722253303125	2.5101869339633165	8121600.0	0.067350105	3.253202266416458
Saltmarsh_3_000000001	8208000.0	1	1	0.5604462297460331	1.1208924594920662	0.6027709863553348	1.2055419727106695	1.0	0.6385902166366577	117014370.80274612	90484716.78353898	90484716.78353898	-0.028060727382496986	0.4804843113001919	2.482126206580819	8208000.0	0.067349985	3.216835563728742
Saltmarsh_3_000000001	8294400.0	1	1	0.5582854165007597	1.1165708330015194	0.6009043895426217	1.2018087790852434	1.0	0.6386055946350098	116035170.35546146	89924961.8494261	89924961.8494261	-0.025488292806236934	0.4751131020533675	2.456637913774583	8294400.0	0.067348506	3.1838027362518595
Saltmarsh_3_000000001	8380800.0	1	1	0.556312992294704	1.112625984589408	0.5992030261471321	1.1984060522942641	1.0	0.6387113928794861	115142142.72328025	89427956.54444304	89427956.54444304	-0.023094509450692136	0.47023429217290735	2.4335434043238906	8380800.0	0.06733832	3.1538722520037625
Saltmarsh_3_000000001	8467200.0	1	1	0.5545375539479955	1.109075107895991	0.5976736363196207	1.1953472726392413	1.0	0.6392144560813904	114329984.8052717	89033038.49070145	89033038.49070145	-0.020648492903990012	0.4658136853574973	2.4128949114199	8467200.0	0.067289862	3.1271118052001903
Saltmarsh_3_000000001	8553600.0	1	1	0.553024532307625	1.10604906461525	0.5963718501400707	1.1927437002801413	1.0	0.64107346534729	113601395.2031501	88873749.37808102	88873749.37808102	-0.017492532868081168	0.4618612797584863	2.3954023785518186	8553600.0	0.067110522	3.104441482603157
Saltmarsh_3_000000001	8640000.0	1	1	0.5519837057962991	1.1039674115925981	0.5954771717750318	1.1909543435500636	1.0	0.6467822790145874	112982332.04243371	89307013.93949303	89307013.93949303	-0.011977898628794226	0.4585129683262594	2.383424479923024	8640000.0	0.066557223	3.088918125980239
Saltmarsh_3_000000001	8726400.0	1	1	0.5519408673543248	1.1038817347086496	0.5954403631928595	1.190880726385719	1.0	0.661918580532074	112557452.71399358	91145642.55995801	91145642.55995801	-0.0004920209513621376	0.4562202337511522	2.3829324589716627	8726400.0	0.065069869	3.088280466827275
Saltmarsh_3_000000001	8812800.0	1	1	0.5538178223582602	1.1076356447165203	0.5973694930187967	1.1947389860375934	1.0	0.6970696449279785	112539982.63742697	95975033.81865688	95975033.81865688	0.023749114920856573	0.4561260541724278	2.406681573892519	8812800.0	0.061480392	3.119059319764705
Saltmarsh_3_000000001	8899200.0	1	1	0.5594661448392273	1.1189322896784546	0.6029150457715702	1.2058300915431404	1.0	0.7668885588645935	113306701.17350145	106262170.23675397	106262170.23675397	0.070638889703666	0.46067196148010386	2.477320463596185	8899200.0	0.053537227	3.2106073208206563
Saltmarsh_3_000000001	8985600.0	1	1	0.5678509200850438	1.1357018401700876	0.6106582585880025	1.221316517176005	1.0	0.8729652762413025	115629690.31142199	123144122.0908689	115629690.31142199	0.10395523482264651	0.4741932167344634	2.581275698418831	8985600.0	0.037168105	3.345333305150805
Saltmarsh_3_000000001	9072000.0	1	1	0.5760125505765595	1.152025101153119	0.6178560346645168	1.2357120693290335	1.0	0.9663552641868591	119121569.80387151	139649928.17203656	119121569.80387151	0.10151617024846532	0.4940916787708923	2.6827918686672962	9072000.0	0.005384994	3.476898261792816
Saltmarsh_3_000000001	9158400.0	1	1	0.5726392972398807	1.1452785944797614	0.6149274850819549	1.2298549701639099	1.0	0.6385889649391174	122570408.32047978	94315306.99593897	94315306.99593897	-0.041946735314404515	0.5135232702940994	2.640845133352892	9158400.0	0.067350109	3.4225352928253483
Saltmarsh_3_000000001	9244800.0	1	1	0.5695457941520536	1.1390915883041073	0.6122476330346435	1.224495266069287	1.0	0.6385889649391174	121139014.5771855	93491602.22797567	93491602.22797567	-0.03803607696219563	0.505494088102074	2.6028090563906963	9244800.0	0.067350109	3.373240537082342
Saltmarsh_3_000000001	9331200.0	1	1	0.5667101587993637	1.1334203175987274	0.6097961464844788	1.2195922929689575	1.0	0.638589084148407	119833719.25574462	92741807.58215307	92741807.58215307	-0.03450442180604085	0.4982134597168062	2.568304634584656	9331200.0	0.067350105	3.328522806421714
Saltmarsh_3_000000001	9417600.0	1	1	0.5641121011204487	1.1282242022408975	0.6075542966285341	1.2151085932570682	1.0	0.638590395450592	118643441.56397285	92059388.36999972	92059388.36999972	-0.03131189686270153	0.49160883871270017	2.5369927377219543	9417600.0	0.06734997	3.287942588087653
Saltmarsh_3_000000001	9504000.0	1	1	0.561733660776784	1.123467321553568	0.6055055614363304	1.2110111228726608	1.0	0.6386076807975769	117558103.89157277	91440400.16312525	91440400.16312525	-0.028413310086050136	0.48561531090167637	2.5085794276359037	9504000.0	0.067348309	3.2511189382161314
Saltmarsh_3_000000001	9590400.0	1	1	0.5595632674487051	1.1191265348974102	0.6036390811985489	1.2072781623970978	1.0	0.6387255787849426	116568883.8637097	90891554.45162892	90891554.45162892	-0.025718840216837513	0.4801766124749821	2.4828605874190672	9590400.0	0.06733695	3.217787321295111
Saltmarsh_3_000000001	9676800.0	1	1	0.5576106451610083	1.1152212903220167	0.6019623925052539	1.2039247850105077	1.0	0.6392835974693298	115669840.12974052	90457047.75412987	90457047.75412987	-0.022968433877889105	0.47525367264853846	2.4598921535411775	9676800.0	0.067283192	3.188020230989366
Saltmarsh_3_000000001	9763200.0	1	1	0.5559482070025493	1.1118964140050986	0.600536777042976	1.201073554085952	1.0	0.641334593296051	114863977.96083014	90285703.66024941	90285703.66024941	-0.019428680130912146	0.47085719843215923	2.440463473410266	9763200.0	0.0670853	3.1628406615397044
Saltmarsh_3_000000001	9849600.0	1	1	0.5548063441991566	1.1096126883983133	0.5995585973066416	1.1991171946132833	1.0	0.6475962400436401	114180097.15640788	90772125.17777368	90772125.17777368	-0.013277655889767426	0.46713828177863587	2.427185817520498	9849600.0	0.066478001	3.1456328195065657
Saltmarsh_3_000000001	9936000.0	1	1	0.5547577169383436	1.1095154338766873	0.5995169591523946	1.1990339183047891	1.0	0.6640887260437012	113711549.50248802	92806505.28055653	92806505.28055653	-0.0005642293804951626	0.4645967557832778	2.426621588140003	9936000.0	0.064854028	3.144901578229444
Saltmarsh_3_000000001	10022400.0	1	1	0.5567949131431738	1.1135898262863475	0.6015964092795413	1.2031928185590826	1.0	0.7020378112792969	113691617.36252256	98097428.50404635	98097428.50404635	0.02599838800237153	0.46448875451786026	2.4526199761423744	10022400.0	0.060955095	3.1785954890805175
Saltmarsh_3_000000001	10108800.0	1	1	0.5628606496882087	1.1257212993764174	0.6074976558643663	1.2149953117287327	1.0	0.7761372923851013	114528153.35102896	109190780.36890854	109190780.36890854	0.07648869820840448	0.46946520363613825	2.5291086743507787	10108800.0	0.052371195	3.2777248419586096
Saltmarsh_3_000000001	10195200.0	1	1	0.5709475405908379	1.1418950811816757	0.6148950461058542	1.2297900922117084	1.0	0.8844543099403381	117037090.17694297	126794024.59224302	117037090.17694297	0.1010792581717645	0.48410619271295036	2.630187932522543	10195200.0	0.034770994	3.4087235605492157
Saltmarsh_3_000000001	10281600.0	1	1	0.5788115354375749	1.1576230708751498	0.6217878970184222	1.2435757940368444	1.0	0.9724931120872498	120424306.35131054	142630573.83353764	120424306.35131054	0.09866737850238783	0.5034541532541649	2.7288553110249305	10281600.0	0.000768285	3.53659648308831
Saltmarsh_3_000000001	10368000.0	1	1	0.5752843491497669	1.1505686982995338	0.6187350640477534	1.2374701280955067	1.0	0.6385889649391174	123764501.24007152	95612557.35452944	95612557.35452944	-0.0442776600742672	0.5223404468469144	2.684577650950663	10368000.0	0.067350109	3.47921263563206
Saltmarsh_3_000000001	10454400.0	1	1	0.5720507157735412	1.1441014315470823	0.6159427488905039	1.2318854977810079	1.0	0.6385889649391174	122260694.48887713	94749338.98796566	94749338.98796566	-0.0401183986499572	0.5138650935897855	2.6444592523007064	10454400.0	0.067350109	3.427219190981716
Saltmarsh_3_000000001	10540800.0	1	1	0.569087662733725	1.13817532546745	0.6133895903254711	1.2267791806509423	1.0	0.638589084148407	120890119.55166724	93964099.66292928	93964099.66292928	-0.0363653818727509	0.5061858801873973	2.6080938704279557	10540800.0	0.067350105	3.3800896560746305
Saltmarsh_3_000000001	10627200.0	1	1	0.5663738838195963	1.1327477676391926	0.6110559135447862	1.2221118270895723	1.0	0.6385905146598816	119641013.02472839	93249910.82469577	93249910.82469577	-0.03297549170218855	0.4992250458256674	2.5751183787257674	10627200.0	0.067349962	3.3373534188285947
Saltmarsh_3_000000001	10713600.0	1	1	0.5638905036898134	1.1277810073796268	0.6089243517087458	1.2178487034174916	1.0	0.6386085748672485	118502681.83596526	92602562.53038219	92602562.53038219	-0.029900270424713327	0.4929130830766243	2.5452181083010545	10713600.0	0.067348218	3.298602668358167
Saltmarsh_3_000000001	10800000.0	1	1	0.5616253680180375	1.123250736036075	0.6069834820479414	1.2139669640958828	1.0	0.6387319564819336	117465762.46843895	92029173.75052299	92029173.75052299	-0.027043891232679196	0.4871897599852941	2.518174217068376	10800000.0	0.067336339	3.263553785320615
Saltmarsh_3_000000001	10886400.0	1	1	0.5595885211196796	1.1191770422393592	0.6052409956193393	1.2104819912386786	1.0	0.639312744140625	116523943.17350782	91576086.15204458	91576086.15204458	-0.02413275640573359	0.4820131871659565	2.4940414606626424	10886400.0	0.067280389	3.2322777330187846
Saltmarsh_3_000000001	10972800.0	1	1	0.5578550207906737	1.1157100415813475	0.6037601088800713	1.2075202177601425	1.0	0.6414372324943542	115680280.96519242	91398614.89036062	91398614.89036062	-0.020400771148592622	0.47739384560039577	2.47364068951405	10972800.0	0.067075385	3.2058383336102088
Saltmarsh_3_000000001	11059200.0	1	1	0.5566627074232834	1.1133254148465668	0.6027426712786852	1.2054853425573704	1.0	0.6478921175003052	114964679.438044	91906091.28692149	91906091.28692149	-0.013958400918619218	0.47348885735322666	2.45968228859543	11059200.0	0.066449189	3.1877482460196775
Saltmarsh_3_000000001	11145600.0	1	1	0.5565994172316198	1.1131988344632395	0.6026886896098537	1.2053773792197073	1.0	0.6648067235946655	114473772.5403313	94015551.70915164	94015551.70915164	-0.0007392688487148913	0.4708170273944731	2.458943019746715	11145600.0	0.064782462	3.1867901535917427
Saltmarsh_3_000000001	11232000.0	1	1	0.5586773325629388	1.1173546651258777	0.6047993063999345	1.209598612799869	1.0	0.7035010457038879	114447743.65410917	99471358.64155708	99471358.64155708	0.026681272040930126	0.4706755211668553	2.4856242917876443	11232000.0	0.060799427	3.2213690821567873
Saltmarsh_3_000000001	11318400.0	1	1	0.564853402552373	1.129706805104746	0.6107763182102727	1.2215526364205453	1.0	0.7784760594367981	115303858.91025554	110828162.30574411	110828162.30574411	0.07835812784430818	0.47578268368441234	2.5639824196319525	11318400.0	0.052070944	3.3229212158430106
Saltmarsh_3_000000001	11404800.0	1	1	0.5726919388233674	1.1453838776467349	0.6179106967794105	1.235821393558821	1.0	0.8867973685264587	117867273.82422265	128660176.6737777	117867273.82422265	0.09855486181020723	0.4907815073109061	2.6625372814421597	11404800.0	0.034256952	3.450648316749039
Saltmarsh_3_000000001	11491200.0	1	1	0.5803147918129808	1.1606295836259617	0.6245643695738364	1.2491287391476729	1.0	0.9734029769897461	121161287.73479168	144340409.91827038	121161287.73479168	0.09616017501305574	0.5096462636609027	2.7586974564552156	11491200.0	0.0	3.5752719035659597
Saltmarsh_3_000000001	11577600.0	1	1	0.5767383297179193	1.1534766594358385	0.6214805188770043	1.2429610377540086	1.0	0.6385889649391174	124408204.28700897	96585206.30270512	96585206.30270512	-0.04512661250117156	0.5280526440146972	2.7135708439540434	11577600.0	0.067350109	3.51678781376444
Saltmarsh_3_000000001	11664000.0	1	1	0.573461076575432	1.146922153150864	0.6186613965502444	1.2373227931004889	1.0	0.6385889649391174	122879481.76019424	95710389.49774809	95710389.49774809	-0.04086284209544949	0.51941478958419	2.6727080018585943	11664000.0	0.067350109	3.4638295704087385
Saltmarsh_3_000000001	11750400.0	1	1	0.5704595326718466	1.1409190653436931	0.6160851870991239	1.2321703741982477	1.0	0.638589084148407	121486950.77307269	94915090.18378	94915090.18378	-0.03701762854627483	0.5115930794651748	2.63569037331232	11750400.0	0.067350105	3.415854723812767
Saltmarsh_3_000000001	11836800.0	1	1	0.5677118977747981	1.1354237955495963	0.6137317980753173	1.2274635961506346	1.0	0.6385904550552368	120218532.98170927	94192192.5233537	94192192.5233537	-0.033546433500537154	0.5045073961173057	2.602143939811783	11836800.0	0.067349964	3.372378545996071
Saltmarsh_3_000000001	11923200.0	1	1	0.5651988432824171	1.1303976865648342	0.611583483563917	1.223166967127834	1.0	0.6386083960533142	119063249.81862321	93537347.73863673	93537347.73863673	-0.030399408560542795	0.49808614725372646	2.5717445312512406	11923200.0	0.067348235	3.332980912501608
Saltmarsh_3_000000001	12009600.0	1	1	0.5629077306873286	1.1258154613746572	0.6096284020286183	1.2192568040572367	1.0	0.6387300491333008	118011483.30258986	92957435.07629362	92957435.07629362	-0.02748010687518687	0.49226728225665495	2.544264424376054	12009600.0	0.067336524	3.297366693991366
Saltmarsh_3_000000001	12096000.0	1	1	0.5608478168571573	1.1216956337143147	0.607873496904863	1.215746993809726	1.0	0.6392999887466431	117056670.34690696	92498075.79922831	92498075.79922831	-0.02451683276626848	0.48700721176241	2.519747591609785	12096000.0	0.067281616	3.2655928787262813
Saltmarsh_3_000000001	12182400.0	1	1	0.5590920250647369	1.1181840501294737	0.6063798638613079	1.2127597277226159	1.0	0.6413754820823669	116201519.67260127	92311763.96610452	92311763.96610452	-0.020755532867258453	0.48231435269778106	2.4989920587425267	12182400.0	0.067081348	3.238693708130315
Saltmarsh_3_000000001	12268800.0	1	1	0.5578716791186248	1.1157433582372496	0.6053429215340869	1.2106858430681737	1.0	0.6476532816886902	115475096.90085174	92798420.60396865	92798420.60396865	-0.014349355157430022	0.4783414581772733	2.484642703585097	12268800.0	0.066472449	3.220096943846286
Saltmarsh_3_000000001	12355200.0	1	1	0.5577569320303294	1.1155138640606588	0.6052454701635075	1.210490940327015	1.0	0.6640357375144958	114971545.5514805	94849754.4819804	94849754.4819804	-0.001346021789030205	0.4755947941989322	2.483296681796066	12355200.0	0.064859305	3.2183524996077018
Saltmarsh_3_000000001	12441600.0	1	1	0.5597297895191173	1.1194595790382347	0.6072436746105009	1.2144873492210018	1.0	0.7014039754867554	114924254.05487764	100158019.27505542	100158019.27505542	0.02545294926371805	0.4753371471115591	2.508749631059784	12441600.0	0.061022389	3.2513395218534797
Saltmarsh_3_000000001	12528000.0	1	1	0.5656849398445177	1.1313698796890355	0.6129987504227961	1.2259975008455921	1.0	0.7739196419715881	115738695.42614216	111226982.62734385	111226982.62734385	0.07592572138495207	0.4802091917517672	2.5846753524447363	12528000.0	0.052653826	3.3497392567683786
Saltmarsh_3_000000001	12614400.0	1	1	0.5733126574346972	1.1466253148693943	0.6199364026980667	1.2398728053961334	1.0	0.8803231120109558	118214561.01670997	128832548.78165784	118214561.01670997	0.09633038576373881	0.49474241931981106	2.6810057382084747	12614400.0	0.03565569	3.4745834367181834
Saltmarsh_3_000000001	12700800.0	1	1	0.5807384693879021	1.1614769387758042	0.6264025740481656	1.2528051480963311	1.0	0.9695101380348206	121424074.12370923	144913201.68983954	121424074.12370923	0.09393899026570474	0.5131813803528414	2.7749447284741793	12700800.0	0.003124544	3.596328368102536
Saltmarsh_3_000000001	12787200.0	1	1	0.5772018925025441	1.1544037850050881	0.6233666118511487	1.2467332237022974	1.0	0.6385889649391174	124589927.0622301	97294156.61275892	97294156.61275892	-0.04469181232580394	0.5311625953895985	2.7302529161483755	12787200.0	0.067350109	3.5384077793282946
Saltmarsh_3_000000001	12873600.0	1	1	0.5739631904039532	1.1479263808079063	0.6205930744107407	1.2411861488214815	1.0	0.6385889649391174	123077093.89731032	96431594.16730209	96431594.16730209	-0.04044999685760542	0.5226079676941159	2.689802919290769	12873600.0	0.067350109	3.485984583400837
Saltmarsh_3_000000001	12960000.0	1	1	0.5709988168330961	1.1419976336661921	0.6180601866305302	1.2361203732610604	1.0	0.638589084148407	121699788.17711055	95647895.3090692	95647895.3090692	-0.0366258052877072	0.5148652818330532	2.6531771140030616	12960000.0	0.067350105	3.438517539747968
Saltmarsh_3_000000001	13046400.0	1	1	0.5682869335646755	1.136573867129351	0.6157479013815387	1.2314958027630774	1.0	0.638590395450592	120445937.70182306	94935960.42775518	94935960.42775518	-0.03317479670833201	0.5078545988471079	2.620002317294729	13046400.0	0.067349971	3.3955230032139694
Saltmarsh_3_000000001	13132800.0	1	1	0.5658081253827743	1.1316162507655485	0.6136384704306539	1.2272769408613078	1.0	0.6386071443557739	119304570.47657037	94291323.76082554	94291323.76082554	-0.030047867573961884	0.5015044863780896	2.589954449720768	13132800.0	0.067348361	3.356580966838115
Saltmarsh_3_000000001	13219200.0	1	1	0.5635493157319538	1.1270986314639075	0.6117197284746086	1.2234394569492173	1.0	0.6387199759483337	118266052.25812091	93720027.78724577	93720027.78724577	-0.02715277222570006	0.4957529111619289	2.5628016774950675	13219200.0	0.067337495	3.3213909740336076
Saltmarsh_3_000000001	13305600.0	1	1	0.5615178183383568	1.1230356366767136	0.6099969385135712	1.2199938770271423	1.0	0.6392462253570557	117323657.64996253	93264080.19732766	93264080.19732766	-0.02423509603603463	0.4905554970226729	2.5385665814590324	13305600.0	0.067286802	3.289982289570906
Saltmarsh_3_000000001	13392000.0	1	1	0.5597796167990942	1.1195592335981883	0.6085250490925328	1.2170500981850656	1.0	0.6411529779434204	116479319.43125954	93063825.09213412	93063825.09213412	-0.020597440783335974	0.4859165662440066	2.5179691406756968	13392000.0	0.067102846	3.263288006315703
Saltmarsh_3_000000001	13478400.0	1	1	0.5585456805389288	1.1170913610778577	0.6074813931683557	1.2149627863367114	1.0	0.6468931436538696	115759302.51612212	93485876.28128238	93485876.28128238	-0.014544551316790832	0.48197393272320277	2.5034245893589064	13478400.0	0.066546438	3.2444382678091426
Saltmarsh_3_000000001	13564800.0	1	1	0.5583359615253887	1.1166719230507773	0.607304115958382	1.214608231916764	1.0	0.6618154048919678	115249522.72391304	95344860.39602837	95344860.39602837	-0.00246560353454367	0.47918990551468554	2.5009589858243633	13564800.0	0.065080114	3.241242845628375
Saltmarsh_3_000000001	13651200.0	1	1	0.5600533525634459	1.1201067051268918	0.6090421104890863	1.2180842209781726	1.0	0.6958262324333191	115162992.7248092	100191583.54684904	100191583.54684904	0.022239962654885925	0.4787179550793593	2.5231989484792487	13651200.0	0.061611093	3.2700658372291067
Saltmarsh_3_000000001	13737600.0	1	1	0.5654443687286015	1.130888737457203	0.6142650634826433	1.2285301269652866	1.0	0.7624435424804688	115872544.25586435	110397764.50784002	110397764.50784002	0.06901383265697747	0.48297498988222265	2.5922127811362263	13737600.0	0.054086152	3.3595077643525495
Saltmarsh_3_000000001	13824000.0	1	1	0.57289106671621	1.14578213343242	0.6210665614566114	1.2421331229132229	1.0	0.8641404509544373	118114035.23045461	127192372.72009468	118114035.23045461	0.09438498929001182	0.4961851868622612	2.6865977704262383	13824000.0	0.038886363	3.481830710472405
Saltmarsh_3_000000001	13910400.0	1	1	0.5801543618719324	1.1603087237438647	0.6273932184258578	1.2547864368517156	1.0	0.9589772820472717	121245559.17203076	144100801.2745531	121245559.17203076	0.09197602361236368	0.5142517722477902	2.7785737940386013	13910400.0	0.009961318	3.601031637074027
Saltmarsh_3_000000001	13996800.0	1	1	0.5767434468538848	1.1534868937077696	0.6244802181738716	1.2489604363477431	1.0	0.6385889649391174	124339427.67706196	97766203.93956694	97766203.93956694	-0.04302622876512341	0.5318572484629581	2.735547565273478	13996800.0	0.067350109	3.545269644594428
Saltmarsh_3_000000001	14083200.0	1	1	0.5736222368271426	1.1472444736542853	0.6218210293530841	1.2436420587061683	1.0	0.6385889649391174	122881662.27698193	96938598.88170542	96938598.88170542	-0.038928441965562666	0.5236214363740898	2.6966191233079146	14083200.0	0.067350109	3.4948183838070577
Saltmarsh_3_000000001	14169600.0	1	1	0.5707676146029109	1.1415352292058218	0.6193944044437596	1.2387888088875192	1.0	0.638589084148407	121555243.52910751	96187090.43095794	96187090.43095794	-0.035234544896300624	0.5161699970510903	2.6613845784116146	14169600.0	0.067350105	3.4491544136214527
Saltmarsh_3_000000001	14256000.0	1	1	0.5681581482081857	1.1363162964163713	0.6171807910355532	1.2343615820711065	1.0	0.6385902166366577	120348418.29976684	95504775.23249061	95504775.23249061	-0.0319017442808982	0.5094256204433513	2.629482834130716	14256000.0	0.067349989	3.407809753033408
Saltmarsh_3_000000001	14342400.0	1	1	0.5657747051030693	1.1315494102061385	0.6151628146242576	1.2303256292485152	1.0	0.6386047005653381	119250502.92809117	94887118.72924054	94887118.72924054	-0.028883594075868935	0.5033191877220716	2.600599240054847	14342400.0	0.067348589	3.370376615111082
Saltmarsh_3_000000001	14428800.0	1	1	0.5636038467862773	1.1272076935725546	0.6133281070228308	1.2266562140456616	1.0	0.6387022733688354	118252081.5580226	94338794.70914592	94338794.70914592	-0.026096496924393642	0.49779047047012326	2.5745027431304535	14428800.0	0.067339194	3.3365555550970676
Saltmarsh_3_000000001	14515200.0	1	1	0.5616498638157595	1.123299727631519	0.6116793966957691	1.2233587933915382	1.0	0.6391544342041016	117346364.0648453	93895427.47436278	93895427.47436278	-0.023318104582691623	0.4927952419545055	2.5511846385477623	14515200.0	0.067295645	3.3063352915579003
Saltmarsh_3_000000001	14601600.0	1	1	0.5599673320606647	1.1199346641213295	0.6102618019225173	1.2205236038450347	1.0	0.640782356262207	116534107.98924357	93676540.4534833	93676540.4534833	-0.019949133687460763	0.4883318359548773	2.5312355048603017	14601600.0	0.067138636	3.280481214298951
Saltmarsh_3_000000001	14688000.0	1	1	0.5587339557275038	1.1174679114550077	0.6092238659674478	1.2184477319348956	1.0	0.6456540822982788	115836952.47159871	93993113.748034	93993113.748034	-0.014547728590684927	0.48451329733085496	2.5166877762696167	14688000.0	0.066666878	3.2616273580454234
Saltmarsh_3_000000001	14774400.0	1	1	0.5583887959088312	1.1167775918176623	0.6089335872617478	1.2178671745234957	1.0	0.6582610011100769	115327232.68919756	95533793.83772379	95533793.83772379	-0.0040596927597862376	0.4817286619484052	2.5126280835098305	14774400.0	0.065432129	3.2563659962287406
Saltmarsh_3_000000001	14860800.0	1	1	0.5597081671563069	1.1194163343126138	0.6102701411620441	1.2205402823240883	1.0	0.686989426612854	115184789.1127239	99617290.129588	99617290.129588	0.01713486974213918	0.4809515809058008	2.529762953251969	14860800.0	0.062531511	3.2785727874145523
Saltmarsh_3_000000001	14947200.0	1	1	0.5641871019428077	1.1283742038856155	0.6146379902898472	1.2292759805796944	1.0	0.7440581917762756	115729753.62681709	108354979.13038544	108354979.13038544	0.057543464956505086	0.4842314306954222	2.587306418208474	14947200.0	0.056285133	3.3531491179981825
Saltmarsh_3_000000001	15033600.0	1	1	0.5714733180242317	1.1429466360484635	0.6213633163453687	1.2427266326907374	1.0	0.8362653851509094	117589365.5524126	123465292.84643364	117589365.5524126	0.09270078626002709	0.4952460415020359	2.6800072044685006	15033600.0	0.043762239	3.473289336991177
Saltmarsh_3_000000001	15120000.0	1	1	0.5785940708547072	1.1571881417094143	0.6276016016061294	1.2552032032122589	1.0	0.9367201328277588	120646202.52139378	141161022.63461238	120646202.52139378	0.09024076534858749	0.5129902472583814	2.7702479698170883	15120000.0	0.02011516	3.5902413688829466
Saltmarsh_3_000000001	15206400.0	1	1	0.5753953518017462	1.1507907036034923	0.6248862056194843	1.2497724112389685	1.0	0.6385889649391174	123671519.88776267	98023334.66078529	98023334.66078529	-0.04014689786633546	0.5302635711702619	2.7301010719507524	15206400.0	0.067350109	3.538210989248175
Saltmarsh_3_000000001	15292800.0	1	1	0.5724711011018551	1.1449422022037101	0.6224095890040742	1.2448191780081483	1.0	0.6385889649391174	122307880.09594852	97253059.00138012	97253059.00138012	-0.03631360761890007	0.5225789026258006	2.6937874643318525	15292800.0	0.067350109	3.491148553774081
Saltmarsh_3_000000001	15379200.0	1	1	0.569799129287399	1.139598258574798	0.6201515347091456	1.2403030694182913	1.0	0.6385889649391174	121067862.90381733	96553989.90642715	96553989.90642715	-0.032858029036370084	0.5156279785685058	2.660929435295482	15379200.0	0.067350107	3.448564548142945
Saltmarsh_3_000000001	15465600.0	1	1	0.5673588981734791	1.1347177963469581	0.6180934667903718	1.2361869335807436	1.0	0.6385899186134338	119940347.53206232	95919652.93892555	95919652.93892555	-0.029740235094983025	0.5093384997896108	2.6311892002004993	15465600.0	0.067350014	3.410021203459847
Saltmarsh_3_000000001	15552000.0	1	1	0.5651319694709172	1.1302639389418343	0.6162187922944499	1.2324375845888997	1.0	0.6386014819145203	118915230.32805167	95345504.55763054	95345504.55763054	-0.02691828687381209	0.5036458096619648	2.604270913326687	15552000.0	0.067348902	3.3751351036713864
Saltmarsh_3_000000001	15638400.0	1	1	0.5631046553999179	1.1262093107998359	0.6145150916131741	1.2290301832263482	1.0	0.6386781334877014	117983558.93259828	94834326.04540692	94834326.04540692	-0.02432164901779371	0.49849327924482834	2.5799492643088935	15638400.0	0.067341526	3.343614246544326
Saltmarsh_3_000000001	15724800.0	1	1	0.5612773381910654	1.1225546763821308	0.6129818838722114	1.2259637677444228	1.0	0.6390299201011658	117138585.6662044	94413006.88838184	94413006.88838184	-0.02177274659285222	0.49383778103476145	2.558176517716041	15724800.0	0.067307639	3.3153967669599895
Saltmarsh_3_000000001	15811200.0	1	1	0.5596893557756553	1.1193787115513105	0.6116513708490389	1.2233027416980777	1.0	0.6402848958969116	116379572.05057801	94172782.79181926	94172782.79181926	-0.018806263854472816	0.48967017781356914	2.5393702538615686	15811200.0	0.067186649	3.291023849004593
Saltmarsh_3_000000001	15897600.0	1	1	0.5584739160607693	1.1169478321215387	0.6106341890569058	1.2212683781138116	1.0	0.6440058946609497	115721974.57340448	94349604.20378958	94349604.20378958	-0.014322379178864586	0.4860704001978125	2.525047874682704	15897600.0	0.066826811	3.2724620455887843
Saltmarsh_3_000000001	15984000.0	1	1	0.5579617984474461	1.1159235968948922	0.6102059171457098	1.2204118342914196	1.0	0.6535600423812866	115219909.06541295	95462578.6144717	95462578.6144717	-0.006016006720513445	0.48332889979287197	2.5190318679621906	15984000.0	0.065895005	3.264665300878999
Saltmarsh_3_000000001	16070400.0	1	1	0.5587585882987625	1.117517176597525	0.6110151824141594	1.2220303648283188	1.0	0.675272524356842	115008693.8627647	98509460.39480555	98509460.39480555	0.010369948628463244	0.4821773533455645	2.5294018165906538	16070400.0	0.063730443	3.2781047543014874
Saltmarsh_3_000000001	16156800.0	1	1	0.5619874774129929	1.1239749548259859	0.6141979170224086	1.2283958340448171	1.0	0.7189854979515076	115337401.63944168	105157830.24591093	105157830.24591093	0.04162684705919306	0.48416230417036155	2.5710286636498463	16156800.0	0.059123668	3.3320531480902007
Saltmarsh_3_000000001	16243200.0	1	1	0.569120006053338	1.138240012106676	0.6209081232552144	1.2418162465104288	1.0	0.7941186428070068	116674249.83500272	117316861.76402622	116674249.83500272	0.09124099382531292	0.4921302553497007	2.6622696574751603	16243200.0	0.05000149	3.450301476087808
Saltmarsh_3_000000001	16329600.0	1	1	0.5760900903453123	1.1521801806906247	0.6271207001941507	1.2542414003883013	1.0	0.8923560976982117	119654612.678131	134573889.12559202	119654612.678131	0.0886780266386854	0.5095950367519696	2.7509476841138456	16329600.0	0.032999176	3.565228198611544
Saltmarsh_3_000000001	16416000.0	1	1	0.5731926194719662	1.1463852389439324	0.6246783724485961	1.2493567448971923	1.0	0.6385889649391174	122603410.10421593	98099867.28559832	98099867.28559832	-0.03606989454849924	0.5265692309764909	2.714877789565346	16416000.0	0.067350109	3.5184816152766882
Saltmarsh_3_000000001	16502400.0	1	1	0.5705468698702946	1.1410937397405891	0.6224531225432499	1.2449062450864998	1.0	0.6385889649391174	121373232.85092424	97409127.83679274	97409127.83679274	-0.032619317769619016	0.5196649569535827	2.682258471795728	16502400.0	0.067350109	3.4762069794472636
Saltmarsh_3_000000001	16588800.0	1	1	0.5681321497038844	1.1362642994077687	0.6204263187707084	1.2408526375414168	1.0	0.6385889649391174	120255346.6486212	96782614.4515629	96782614.4515629	-0.02950809853723263	0.5134211707950471	2.6527503732584945	16588800.0	0.067350107	3.437964483743009
Saltmarsh_3_000000001	16675200.0	1	1	0.5659293301485195	1.131858660297039	0.6185808584901391	1.2371617169802782	1.0	0.63858962059021	119239589.54494761	96214428.8429062	96214428.8429062	-0.02670077058347964	0.5077729147980107	2.626049602675015	16675200.0	0.067350043	3.4033602850668196
Saltmarsh_3_000000001	16761600.0	1	1	0.5639211246824609	1.1278422493649218	0.6169013691206204	1.2338027382412409	1.0	0.6385974884033203	118316726.48438744	95700128.85121249	95700128.85121249	-0.024161375735109458	0.5026620199911719	2.6018882269399057	16761600.0	0.067349287	3.3720471421141176
Saltmarsh_3_000000001	16848000.0	1	1	0.5620938252792917	1.1241876505585835	0.6153756257087267	1.2307512514174535	1.0	0.6386487483978271	117478520.32084903	95240275.77020703	95240275.77020703	-0.021835821441223147	0.49803720029225834	2.580052405498683	16848000.0	0.067344353	3.3437479175262927
Saltmarsh_3_000000001	16934400.0	1	1	0.5604433261416574	1.1208866522833147	0.6139995319852571	1.2279990639705143	1.0	0.6388799548149109	116718411.78537327	94851214.82911979	94851214.82911979	-0.01960144953178089	0.49385752367737984	2.5604509559669015	16934400.0	0.067322085	3.3183444389331047
Saltmarsh_3_000000001	17020800.0	1	1	0.5589907456756676	1.1179814913513353	0.6127900561878818	1.2255801123757637	1.0	0.6396890878677368	116033968.03010812	94589965.97341435	94589965.97341435	-0.017155706716704244	0.490105536583776	2.543295249250198	17020800.0	0.067244109	3.296110643028257
Saltmarsh_3_000000001	17107200.0	1	1	0.5578158946563336	1.1156317893126673	0.6118129354987174	1.2236258709974348	1.0	0.6420413851737976	115433264.11681291	94602235.47417092	94602235.47417092	-0.01381052093971813	0.48682169831057276	2.529484728310479	17107200.0	0.067016989	3.2782122078903813
Saltmarsh_3_000000001	17193600.0	1	1	0.5571187887729812	1.1142375775459623	0.6112336246753378	1.2224672493506756	1.0	0.6479660272598267	114948553.50717466	95202211.4992064	95202211.4992064	-0.008167117118104139	0.4841781746141361	2.521317611192375	17193600.0	0.066441985	3.2676276241053186
Saltmarsh_3_000000001	17280000.0	1	1	0.5572962422365365	1.114592484473073	0.6114145294078042	1.2228290588156083	1.0	0.661226212978363	114661429.23048176	96985554.57358211	96985554.57358211	0.002312896823576327	0.48261487604433423	2.523630508015951	17280000.0	0.065138591	3.2706251383886724
Saltmarsh_3_000000001	17366400.0	1	1	0.558974798270417	1.117949596540834	0.6130936650633262	1.2261873301266524	1.0	0.6878965497016907	114734484.77496177	100955697.76073793	100955697.76073793	0.021720892489263954	0.48305759631442563	2.545351400505215	17366400.0	0.062437693	3.2987754150547586
Saltmarsh_3_000000001	17452800.0	1	1	0.5632991548305979	1.1265983096611958	0.6172843485816143	1.2345686971632286	1.0	0.735759437084198	115426677.83681588	108555392.17761059	108555392.17761059	0.05556168694120839	0.48721527394684455	2.600913087446423	17452800.0	0.05724349	3.3707833613305644
Saltmarsh_3_000000001	17539200.0	1	1	0.5702027658771335	1.140405531754267	0.6236846349470123	1.2473692698940246	1.0	0.8093681335449219	117219520.2589403	120983914.95248184	117219520.2589403	0.08824705611629474	0.4978505451784067	2.6891601435627175	17539200.0	0.047868672	3.4851515460572817
Saltmarsh_3_000000001	17625600.0	1	1	0.5679008520827303	1.1358017041654607	0.6217624181321688	1.2435248362643376	1.0	0.6385889649391174	120110335.36677188	97328215.39268032	97328215.39268032	-0.028101168752765526	0.5147422457161671	2.6610589748099525	17625600.0	0.067350109	3.4487324313536987
Saltmarsh_3_000000001	17712000.0	1	1	0.5658025696379031	1.1316051392758062	0.620013471231106	1.240026942462212	1.0	0.6385889649391174	119142519.8076308	96789139.73752125	96789139.73752125	-0.02541759674712335	0.5093632954347296	2.635641378062829	17712000.0	0.067350109	3.4157912259694267
Saltmarsh_3_000000001	17798400.0	1	1	0.5638907052606373	1.1277814105212747	0.6184226142140208	1.2368452284280416	1.0	0.6385889649391174	118263729.72948292	96300430.97702521	96300430.97702521	-0.022995862867409178	0.5044980177525352	2.6126455151954207	17798400.0	0.067350109	3.3859885876932654
Saltmarsh_3_000000001	17884800.0	1	1	0.562149396714059	1.124298793428118	0.616975944420286	1.233951888840572	1.0	0.6385893225669861	117465846.44812864	95857423.09852254	95857423.09852254	-0.02080917775761426	0.500096293250227	2.5918363374378064	17884800.0	0.067350076	3.359019893319397
Saltmarsh_3_000000001	17971200.0	1	1	0.560564213154725	1.12112842630945	0.6156608789252772	1.2313217578505544	1.0	0.6385930180549622	116741491.66970809	95456291.07513955	95456291.07513955	-0.018831674984025215	0.496113130359723	2.5730046624537812	17971200.0	0.06734972	3.3346140425401005
Saltmarsh_3_000000001	18057600.0	1	1	0.5591228756179117	1.1182457512358235	0.6144667291256287	1.2289334582512574	1.0	0.6386159658432007	116084030.22894056	95095574.1614986	95095574.1614986	-0.017030617896701128	0.49250848870419417	2.5559740445570807	18057600.0	0.067347512	3.3125423617459764
Saltmarsh_3_000000001	18144000.0	1	1	0.5578175637025936	1.1156351274051872	0.6133865856563686	1.2267731713127372	1.0	0.6387131214141846	115487841.02434376	94780162.17748754	94780162.17748754	-0.015347783264523684	0.48924859415196137	2.5406262612925574	18144000.0	0.067338152	3.292651634635155
Saltmarsh_3_000000001	18230400.0	1	1	0.5566502396627692	1.1133004793255383	0.6124216875480037	1.2248433750960075	1.0	0.639029324054718	114949241.3855309	94529238.14117914	94529238.14117914	-0.013664626592851059	0.4863108172987468	2.526961634699707	18230400.0	0.067307697	3.2749422785708204
Saltmarsh_3_000000001	18316800.0	1	1	0.5556421445157557	1.1112842890315113	0.6115892169003104	1.2231784338006209	1.0	0.6398725509643555	114468644.78314885	94388108.56966905	94388108.56966905	-0.011754676938994846	0.48369521978734015	2.5152069577607117	18316800.0	0.067226422	3.2597082172578826
Saltmarsh_3_000000001	18403200.0	1	1	0.5548471436741641	1.1096942873483282	0.6109332488744748	1.2218664977489495	1.0	0.6417883038520813	114054414.13530752	94441061.44954377	94441061.44954377	-0.009239905666757864	0.48144521291447673	2.5059670520939537	18403200.0	0.067041455	3.2477332995137638
Saltmarsh_3_000000001	18489600.0	1	1	0.5543647386534624	1.1087294773069247	0.6105354384299753	1.2210708768599505	1.0	0.6455749869346619	113728274.408957	94816540.52170616	94816540.52170616	-0.0055938652497941055	0.4796765678583249	2.5003731868441594	18489600.0	0.066674566	3.240483650150031
Saltmarsh_3_000000001	18576000.0	1	1	0.5543415405407217	1.1086830810814434	0.6105163127216852	1.2210326254433703	1.0	0.6521255373954773	113530601.08153196	95667413.9889893	95667413.9889893	-0.0002687551508824271	0.4786058250958289	2.5001044316932766	18576000.0	0.066035653	3.240135343474486
Saltmarsh_3_000000001	18662400.0	1	1	0.5548791832574027	1.1097583665148054	0.6110599913102581	1.2221199826205162	1.0	0.6619207859039307	113521099.60932581	97098960.97989744	97098960.97989744	0.00694042323674815	0.47855438166273906	2.507044854930025	18662400.0	0.065069652	3.249130131989313
Saltmarsh_3_000000001	18748800.0	1	1	0.5560657496991718	1.1121314993983435	0.6122497645067615	1.224499529013523	1.0	0.6739513874053955	113741409.23991592	99034858.39579423	99034858.39579423	0.01529141783070409	0.4798828741482671	2.5223362727607297	18748800.0	0.063864193	3.268947809497906
Saltmarsh_3_000000001	18835200.0	1	1	0.5550476103875345	1.110095220775069	0.61141029983095	1.2228205996619	1.0	0.6385889649391174	114228383.86779176	94192644.35762146	94192644.35762146	-0.011846640093933436	0.4828098618820407	2.510489632666796	18835200.0	0.067350109	3.2535945639361676
Saltmarsh_3_000000001	18921600.0	1	1	0.554122195073477	1.108244390146954	0.6106479593491212	1.2212959186982424	1.0	0.6385889649391174	113810469.4864599	93962429.32367674	93962429.32367674	-0.010730105377819765	0.48054225199620343	2.499759527288976	18921600.0	0.067350109	3.239688347366513
Saltmarsh_3_000000001	19008000.0	1	1	0.5532812352775212	1.1065624705550423	0.6099557497316151	1.2199114994632303	1.0	0.6385889649391174	113431279.84857811	93753708.6609265	93753708.6609265	-0.00971981891034246	0.478488362214975	2.4900397083786334	19008000.0	0.067350109	3.227091462058709
Saltmarsh_3_000000001	19094400.0	1	1	0.5525171624602045	1.105034324920409	0.6093272897514372	1.2186545795028745	1.0	0.6385888457298279	113087244.68109821	93564455.47195224	93564455.47195224	-0.00880557780216945	0.4766278551619307	2.481234130576464	19094400.0	0.067350115	3.2156794332270975
Saltmarsh_3_000000001	19180800.0	1	1	0.5518230037799735	1.103646007559947	0.6087567183001654	1.2175134366003308	1.0	0.6385877132415771	112775116.88477223	93392716.26466626	93392716.26466626	-0.0079787651106914	0.4749423464340227	2.473255365465773	19180800.0	0.067350234	3.205338953643642
Saltmarsh_3_000000001	19267200.0	1	1	0.5511916968513675	1.102383393702735	0.6082381264337205	1.216476252867441	1.0	0.6385746598243713	112491923.3284182	93235234.35669836	93235234.35669836	-0.0072389292460687815	0.47341510102956064	2.4660164362197037	19267200.0	0.067351485	3.195957301340736
Saltmarsh_3_000000001	19353600.0	1	1	0.5506131608148522	1.1012263216297045	0.6077631503553311	1.2155263007106623	1.0	0.6384926438331604	112234680.31005497	93082037.47877407	93082037.47877407	-0.006619282993490738	0.4720294703873611	2.4593971532262136	19353600.0	0.067359387	3.187378710581173
Saltmarsh_3_000000001	19440000.0	1	1	0.5500637321291152	1.1001274642582304	0.6073123081700198	1.2146246163400396	1.0	0.6381147503852844	111999198.78536457	92897811.98736656	92897811.98736656	-0.006273388625421983	0.4707624485622548	2.4531237646007913	19440000.0	0.067395757	3.179248398922626
Saltmarsh_3_000000001	19526400.0	1	1	0.5494760211173084	1.0989520422346168	0.6068303089769631	1.2136606179539262	1.0	0.6367229223251343	111775793.7693916	92572999.39604576	92572999.39604576	-0.00669663869736753	0.46956163567759635	2.4464271259034236	19526400.0	0.067529583	3.1705695551708373
Saltmarsh_3_000000001	19612800.0	1	1	0.5486643453839612	1.0973286907679225	0.6061650664271278	1.2123301328542555	1.0	0.6323729753494263	111537069.53780217	91810948.18680803	91810948.18680803	-0.009225065972560675	0.46827980690660087	2.437202059930863	19612800.0	0.067946437	3.1586138696703983
Saltmarsh_3_000000001	19699200.0	1	1	0.5471567896247551	1.0943135792495102	0.6049308373262511	1.2098616746525022	1.0	0.6203522682189941	111207791.95991251	89890446.10418996	89890446.10418996	-0.017061771851115404	0.46651400237206525	2.4201402880797476	19699200.0	0.06908792	3.136501813351353
Saltmarsh_3_000000001	19785600.0	1	1	0.5438313422583543	1.0876626845167086	0.6022145759026865	1.204429151805373	1.0	0.5900349020957947	110597504.00723702	85188705.19994088	85188705.19994088	-0.03730461852467437	0.46324814452437874	2.3828356695550728	19785600.0	0.071908675	3.0881550277433747
Saltmarsh_3_000000001	19872000.0	1	1	0.5361453231900446	1.0722906463800892	0.5959702440452516	1.1919404880905031	1.0	0.5189001560211182	109257235.4010129	74323375.08274008	74323375.08274008	-0.08449065193287941	0.45610752734657983	2.298345017622193	19872000.0	0.078319189	2.9786551428383623
Saltmarsh_3_000000001	19958400.0	1	1	0.5189544195626035	1.037908839125207	0.5821822421767091	1.1643644843534182	1.0	0.3691489100456238	106190773.52303384	51910396.565457225	51910396.565457225	-0.18038287141834003	0.4399348542456262	2.117962146203853	19958400.0	0.091908216	2.7448789414801937
Saltmarsh_3_000000001	20044800.0	1	1	0.5211870885362704	1.0423741770725408	0.5843971768139717	1.1687943536279435	1.0	0.6385889649391174	99490169.35440432	86198922.38343017	86198922.38343017	0.02558752075208054	0.4054070911650703	2.1435496669559337	20044800.0	0.067350109	2.7780403683748904
Saltmarsh_3_000000001	20131200.0	1	1	0.5232499860472081	1.0464999720944161	0.5864456267214783	1.1728912534429565	1.0	0.6385889649391174	100348072.98429304	86828483.51634775	86828483.51634775	0.02383752294231467	0.4103048946394241	2.167387189898249	20131200.0	0.067350109	2.808933798108131
Saltmarsh_3_000000001	20217600.0	1	1	0.5251564118959365	1.050312823791873	0.5883403336665325	1.176680667333065	1.0	0.6385889649391174	101144015.44224453	87412983.6110279	87412983.6110279	0.02219719359652067	0.4148677244586188	2.189584383494769	20217600.0	0.067350111	2.8377013610092203
Saltmarsh_3_000000001	20304000.0	1	1	0.5269185183661078	1.0538370367322156	0.5900929868243963	1.1801859736487925	1.0	0.6385882496833801	101882380.81416343	87955448.27850986	87955448.27850986	0.020660668717203734	0.4191165726753456	2.2102450522119725	20304000.0	0.067350182	2.8644775876667166
Saltmarsh_3_000000001	20390400.0	1	1	0.5285469715628015	1.057093943125603	0.5917138785521571	1.1834277571043141	1.0	0.6385785937309265	102567238.85356209	88457647.1323453	88457647.1323453	0.019216926769220766	0.42307130889250577	2.229461978981194	20390400.0	0.067351106	2.8893827247596273
Saltmarsh_3_000000001	20476800.0	1	1	0.5300485591765544	1.0600971183531087	0.5932095514728669	1.1864191029457338	1.0	0.6385090947151184	103202191.09314986	88915056.91083124	88915056.91083124	0.017825591514603223	0.426749693039553	2.2472875704957977	20476800.0	0.0673578	2.912484691362554
Saltmarsh_3_000000001	20563200.0	1	1	0.5314166530499945	1.062833306099989	0.5945734228022947	1.1891468456045895	1.0	0.638161838054657	103789413.30391562	89298633.40163475	89298633.40163475	0.016331410529628276	0.4301617564785455	2.263618981025426	20563200.0	0.067391227	2.933650199408952
Saltmarsh_3_000000001	20649600.0	1	1	0.5326026293965315	1.065205258793063	0.595757558020455	1.19151511604091	1.0	0.6368153095245361	104325880.78784293	89504293.85650715	89504293.85650715	0.014233656160671071	0.4332878131218647	2.277852637186097	20649600.0	0.067520707	2.952097017793182
Saltmarsh_3_000000001	20736000.0	1	1	0.5334440413075824	1.0668880826151648	0.5966007787885064	1.1932015575770127	1.0	0.6324648857116699	104792053.94881068	89233552.99394254	89233552.99394254	0.010155434249134565	0.43601233072057816	2.2880080714352315	20736000.0	0.067937649	2.96525846058006
Saltmarsh_3_000000001	20822400.0	1	1	0.5335045165146046	1.0670090330292092	0.5966619681492965	1.193323936298593	1.0	0.6201751828193665	105123418.9331381	87738242.16360842	87738242.16360842	0.0007349902759016813	0.4379562205421404	2.2887430617111337	20822400.0	0.069104625	2.966211007977629
Saltmarsh_3_000000001	20908800.0	1	1	0.5314855981327673	1.0629711962655346	0.5950495864124429	1.1900991728248858	1.0	0.5887086987495422	105147255.43852398	83303082.18913245	83303082.18913245	-0.02158149684640004	0.4380969077920623	2.2671615648647343	20908800.0	0.072030447	2.9382413880646956
Saltmarsh_3_000000001	20995200.0	1	1	0.524643919353092	1.049287838706184	0.5896119332504774	1.179223866500955	1.0	0.5141339302062988	104352952.66461949	72408368.8460919	72408368.8460919	-0.07192406817286623	0.4339659124033257	2.1952374966918677	20995200.0	0.078743314	2.8450277957126606
Saltmarsh_3_000000001	21081600.0	1	1	0.5074461148716528	1.0148922297433056	0.5761308897712814	1.1522617795425627	1.0	0.35716119408607483	101683626.75991164	49505523.874347605	49505523.874347605	-0.17267103693827998	0.420198656310018	2.022566459753588	21081600.0	0.093060153	2.62124613184065
Saltmarsh_3_000000001	21168000.0	1	1	0.4745620934351266	0.9491241868702532	0.5511720000741515	1.102344000148303	1.0	0.13236843049526215	95126518.83061402	17632520.880192354	17632520.880192354	-0.2989844400381485	0.3871470444391103	1.7235820197154395	21168000.0	0.121781732	2.23376229755121
Saltmarsh_3_000000001	21254400.0	1	1	0.48127936846982833	0.9625587369396567	0.5574038474452112	1.1148076948904224	1.0	0.6385889649391174	83197031.48138613	78985767.05652517	78985767.05652517	0.06501152573596192	0.32991730954666393	1.7885935454514015	21254400.0	0.067350109	2.318017234905016
Saltmarsh_3_000000001	21340800.0	1	1	0.4873991399177743	0.9747982798355486	0.5631112866987752	1.1262225733975504	1.0	0.6385889649391174	85568955.29921108	80638305.55386245	80638305.55386245	0.06083011784622799	0.3423614099230843	1.8494236632976295	21340800.0	0.067350109	2.396853067633728
Saltmarsh_3_000000001	21427200.0	1	1	0.49298254754280935	0.9859650950856187	0.5683424458740897	1.1366848917481793	1.0	0.6385889053344727	87758917.44408958	82170562.91894025	82170562.91894025	0.056847683288083706	0.35400513130661754	1.9062713465857128	21427200.0	0.067350113	2.470527665175084
Saltmarsh_3_000000001	21513600.0	1	1	0.4980827553499838	0.9961655106999676	0.5731401750658062	1.1462803501316123	1.0	0.6385875940322876	89781080.9397029	83590475.17780007	83590475.17780007	0.05306581595883425	0.3648865599301661	1.959337162544547	21513600.0	0.067350244	2.539300962657733
Saltmarsh_3_000000001	21600000.0	1	1	0.5027454492125923	1.0054908984251847	0.577541998048211	1.155083996096422	1.0	0.6385701894760132	91648371.42329763	84903705.19867837	84903705.19867837	0.04947443887288794	0.37504408712050397	2.008811601417435	21600000.0	0.067351918	2.603419835436996
Saltmarsh_3_000000001	21686400.0	1	1	0.5070053054537328	1.0140106109074656	0.5815765446692129	1.1631530893384259	1.0	0.638448178768158	93372295.67087246	86105208.09458339	86105208.09458339	0.04601186514218153	0.38451417533073545	2.0548234665596166	21686400.0	0.067363668	2.663051212661263
Saltmarsh_3_000000001	21772800.0	1	1	0.5108698239087963	1.0217396478175926	0.5852484718609583	1.1704969437219166	1.0	0.637855589389801	94961321.18268391	87149615.9387549	87149615.9387549	0.042426600398799086	0.3933214792949754	2.0972500669584155	21772800.0	0.067420691	2.718036086778107
Saltmarsh_3_000000001	21859200.0	1	1	0.5142712712163356	1.0285425424326713	0.5884936727810722	1.1769873455621445	1.0	0.635616660118103	96414475.14017834	87871181.55085912	87871181.55085912	0.03791339348873374	0.4014425142655619	2.135163460447149	21859200.0	0.067635797	2.7671718447395057
Saltmarsh_3_000000001	21945600.0	1	1	0.5169487456590994	1.0338974913181989	0.5910669086796194	1.1821338173592388	1.0	0.6285429000854492	97702633.12988943	87797786.5685327	87797786.5685327	0.03028927349638655	0.408699659346277	2.1654527339435363	21945600.0	0.068311756	2.806426743190823
Saltmarsh_3_000000001	22032000.0	1	1	0.5181909998914754	1.0363819997829509	0.59228050811608	1.18456101623216	1.0	0.6089109778404236	98722628.98957239	85755678.08640572	85755678.08640572	0.014280947455065474	0.41449744297696317	2.1797336813986017	22032000.0	0.070161401	2.824934851092588
Saltmarsh_3_000000001	22118400.0	1	1	0.5160240692337421	1.0320481384674842	0.5906240988852819	1.1812481977705638	1.0	0.5593167543411255	99197670.11555664	79077338.85943726	79077338.85943726	-0.021844318482814318	0.41723101278000063	2.157889362915787	22118400.0	0.074702454	2.7966246143388602
Saltmarsh_3_000000001	22204800.0	1	1	0.505859740339441	1.011719480678882	0.5829169588947927	1.1658339177895853	1.0	0.4448813498020172	98369770.62413241	62602240.811655216	62602240.811655216	-0.10003850565619332	0.4130497097144694	2.0578508572595933	22204800.0	0.084919426	2.666974711008433
Saltmarsh_3_000000001	22291200.0	1	1	0.48049446810596586	0.9609889362119317	0.5641593387785991	1.1283186775571983	1.0	0.23430171608924866	94532680.78042313	32253500.21310814	32253500.21310814	-0.2326334624566186	0.3939009635221593	1.825217394802975	22291200.0	0.106315078	2.3654817436646556
Saltmarsh_3_000000001	22377600.0	1	1	0.44038332151865184	0.8807666430373037	0.5360467359206097	1.0720934718412194	1.0	0.04381773993372917	85290080.52642885	5717237.6557234395	5717237.6557234395	-0.32078553023732903	0.34937171851594623	1.504431864565646	22377600.0	0.148509105	1.9497436964770773
Saltmarsh_3_000000001	22464000.0	1	1	0.44877183518606245	0.8975436703721249	0.5431527080434461	1.0863054160868921	1.0	0.6385889649391174	71644600.58285885	76941335.97647722	71644600.58285885	0.07025404786815509	0.2879689550461391	1.5746859124338015	22464000.0	0.067350109	2.040792942514207
Saltmarsh_3_000000001	22550400.0	1	1	0.4568951960058363	0.9137903920116726	0.5501095182790949	1.1002190365581899	1.0	0.6385889649391174	74399998.3896396	78715052.17794493	74399998.3896396	0.07058344566920821	0.3014165462789898	1.6452693581030093	22550400.0	0.067350109	2.1322690881015003
Saltmarsh_3_000000001	22636800.0	1	1	0.46474812587278075	0.9294962517455615	0.5569021547875044	1.1138043095750088	1.0	0.6385888457298279	77117851.8865696	80482307.13860792	77117851.8865696	0.07066207065042651	0.31492718878242154	1.7159314287534357	22636800.0	0.067350115	2.223847131664453
Saltmarsh_3_000000001	22723200.0	1	1	0.4723276553590121	0.9446553107180242	0.5635184486329641	1.1270368972659282	1.0	0.6385869383811951	79791574.44241066	82236475.71253963	79791574.44241066	0.07050499102316665	0.32845288118888666	1.7864364197766023	22723200.0	0.0673503	2.3152216000304766
Saltmarsh_3_000000001	22809600.0	1	1	0.4796327493898695	0.959265498779739	0.5699488520684531	1.1398977041369063	1.0	0.638562798500061	82415422.6126379	83969128.28087689	82415422.6126379	0.07012860666940829	0.34194850639378127	1.856565026446011	22809600.0	0.067352628	2.4061082742740303
Saltmarsh_3_000000001	22896000.0	1	1	0.4866637270007669	0.9733274540015338	0.5761863697477018	1.1523727394954035	1.0	0.6383953094482422	84984436.4050077	85658796.31919639	84984436.4050077	0.06955009556951619	0.3553720864555223	1.9261151220155268	22896000.0	0.067368755	2.4962451981321228
Saltmarsh_3_000000001	22982400.0	1	1	0.4932941849143432	0.9865883698286864	0.5821132529329551	1.1642265058659103	1.0	0.6375917196273804	87494286.89276154	87232666.78888188	87232666.78888188	0.06747840241012704	0.3686849315342824	1.9935935244256537	22982400.0	0.067446077	2.5836972076556473
Saltmarsh_3_000000001	23068800.0	1	1	0.49909010325314274	0.9981802065062855	0.5873373826529654	1.1746747653059308	1.0	0.6345885992050171	89894626.47465074	88433614.40327969	88433614.40327969	0.06056684597393147	0.381601226042467	2.054160370399585	23068800.0	0.067734374	2.6621918400378624
Saltmarsh_3_000000001	23155200.0	1	1	0.5037118419835036	1.0074236839670072	0.5915533438993713	1.1831066877987426	1.0	0.6251901984214783	92019454.95082693	88541529.95259742	88541529.95259742	0.04951309619512301	0.39319455356786415	2.1036734665947083	23155200.0	0.06863028	2.726360812706742
Saltmarsh_3_000000001	23241600.0	1	1	0.5061913457899412	1.0123826915798824	0.5938684410063612	1.1877368820127223	1.0	0.5992867350578308	93731606.87802975	85983907.30810146	85983907.30810146	0.027247495219134887	0.4026720413213724	2.130920961813843	23241600.0	0.071055685	2.7616735665107406
Saltmarsh_3_000000001	23328000.0	1	1	0.5039188852657639	1.0078377705315278	0.5922202786542945	1.184440557308589	1.0	0.5342643857002258	94656659.12581296	77206970.86819741	77206970.86819741	-0.021852732403669972	0.407887586744657	2.109068229410173	23328000.0	0.076949495	2.7333524253155836
Saltmarsh_3_000000001	23414400.0	1	1	0.49059123323847215	0.9811824664769443	0.5826704956355137	1.1653409912710273	1.0	0.3885048031806946	93808676.6877846	55892491.77580114	55892491.77580114	-0.12424221425991977	0.40370467313892544	1.984826015150253	23414400.0	0.090080036	2.572334515634728
Saltmarsh_3_000000001	23500800.0	1	1	0.4588534169143401	0.9177068338286802	0.560783421520117	1.121566843040234	1.0	0.15718786418437958	88912189.84672391	22036122.275169324	22036122.275169324	-0.26974239277843703	0.37992300415428365	1.7150836223718158	23500800.0	0.117317831	2.2227483745938734
Saltmarsh_3_000000001	23587200.0	1	1	0.4147894467121934	0.8295788934243868	0.5326352148004717	1.0652704296009434	1.0	0.016715744510293007	77780311.9368657	2209712.3932747236	2209712.3932747236	-0.3172420374179682	0.3282905993843418	1.3978415849538477	23587200.0	0.170545498	1.8116026941001868
Saltmarsh_3_000000001	23673600.0	1	1	0.42156808254425154	0.8431361650885031	0.5377992879387958	1.0755985758775917	1.0	0.6385889649391174	63559011.905113176	78507050.10252842	63559011.905113176	0.05022895033828351	0.26756610918728235	1.4480705352921317	23673600.0	0.067350109	1.8766994137386028
Saltmarsh_3_000000001	23760000.0	1	1	0.4282458289842524	0.8564916579685048	0.5429517184743404	1.0859034369486809	1.0	0.6385889649391174	65653394.47228776	79717137.15956397	65653394.47228776	0.051086351089784876	0.27718062127165394	1.4991568863819167	23760000.0	0.067350109	1.9429073247509643
Saltmarsh_3_000000001	23846400.0	1	1	0.43480939605402275	0.8696187921080455	0.5480771452514206	1.0961542905028412	1.0	0.6385888457298279	67749800.98931384	80945484.83138554	67749800.98931384	0.05178975329161578	0.28695925165495345	1.5509466396735325	23846400.0	0.067350115	2.010026845016898
Saltmarsh_3_000000001	23932800.0	1	1	0.44124725173470936	0.8824945034694187	0.5531614143186132	1.1063228286372264	1.0	0.6385865211486816	69842468.60686634	82187302.21890216	69842468.60686634	0.05233982013808497	0.29687252289624677	1.6032864598116177	23932800.0	0.067350345	2.0778592519158563
Saltmarsh_3_000000001	24019200.0	1	1	0.4475494765340013	0.8950989530680026	0.5581916653924798	1.1163833307849595	1.0	0.638556957244873	71925976.57957673	83434929.96141657	71925976.57957673	0.052738798398769715	0.30689108449911395	1.6560252582103874	24019200.0	0.067353191	2.146208734640662
Saltmarsh_3_000000001	24105600.0	1	1	0.4537073511946376	0.9074147023892752	0.5631565389095674	1.1263130778191348	1.0	0.6383536458015442	73995250.9464549	84664609.73813236	73995250.9464549	0.052990238702534165	0.3169860160297403	1.7090154969129214	24105600.0	0.067372763	2.214884083999146
Saltmarsh_3_000000001	24192000.0	1	1	0.45971212143068874	0.9194242428613775	0.5680468196146962	1.1360936392293923	1.0	0.6373853087425232	76045474.1913409	85791916.38624652	76045474.1913409	0.05309829426318341	0.3271290766935211	1.7621137911761053	24192000.0	0.067465915	2.2836994733642326
Saltmarsh_3_000000001	24278400.0	1	1	0.46555171877098334	0.9311034375419667	0.5728571548213758	1.1457143096427516	1.0	0.6337913870811462	78071702.60247234	86555207.22074881	78071702.60247234	0.05306569233425268	0.337292820678109	1.8151794835103576	24278400.0	0.067810739	2.3524726106294236
Saltmarsh_3_000000001	24364800.0	1	1	0.4712029273578254	0.9424058547156507	0.5775900973436512	1.1551801946873024	1.0	0.6226081848144531	80067747.16337103	86250255.24479759	80067747.16337103	0.05288841161185398	0.34745032420500116	1.8680678951222118	24364800.0	0.068874811	2.4210159920783867
Saltmarsh_3_000000001	24451200.0	1	1	0.47661322248161303	0.9532264449632261	0.5822654036641904	1.1645308073283809	1.0	0.591915488243103	82023387.26257955	83160958.05200319	82023387.26257955	0.05254304255008674	0.357573893762811	1.9206109376722984	24451200.0	0.071735788	2.4891117752232987
Saltmarsh_3_000000001	24537600.0	1	1	0.4765496011917788	0.9530992023835576	0.5822227784583248	1.1644455569166496	1.0	0.5152761936187744	83917765.95683353	73417318.33976749	73417318.33976749	-0.0005447632321878282	0.3676313549310253	1.9200661744401102	24537600.0	0.078641692	2.488405762074383
Saltmarsh_3_000000001	24624000.0	1	1	0.4621674887435048	0.9243349774870095	0.5727212285929011	1.1454424571858022	1.0	0.34825727343559265	83895363.72408025	49614806.318565056	49614806.318565056	-0.11945304816136035	0.36752707975418564	1.8006131262787495	24624000.0	0.093926856	2.3335946116572592
Saltmarsh_3_000000001	24710400.0	1	1	0.4265949361253368	0.8531898722506736	0.5504379734681035	1.100875946936207	1.0	0.11461330205202103	78907906.94747625	15939318.807245923	15939318.807245923	-0.2649655290081786	0.34466212304440824	1.535647597270571	24710400.0	0.125432456	1.9901992860626598
Saltmarsh_3_000000001	24796800.0	1	1	0.3795340824342522	0.7590681648685044	0.5239177232131526	1.047835446426305	1.0	0.008180610835552216	67228455.21992841	1077213.8152796894	1077213.8152796894	-0.288558006638055	0.2939440757144534	1.2470895906325157	24796800.0	0.186617206	1.6162281094597404
Saltmarsh_3_000000001	24883200.0	1	1	0.38396454840635064	0.7679290968127013	0.5268368122287658	1.0536736244575315	1.0	0.6385889649391174	53213681.29805898	79328966.34146391	53213681.29805898	0.027358302881150987	0.2387101036091439	1.2744478935136667	24883200.0	0.067350109	1.651684469993712
Saltmarsh_3_000000001	24969600.0	1	1	0.3884533086251019	0.7769066172502038	0.5298300332062649	1.0596600664125297	1.0	0.6385889649391174	54463305.444003046	79928467.91704933	54463305.444003046	0.028369668076717952	0.2439468591432973	1.3028175615903845	24969600.0	0.067350109	1.6884515598211383
Saltmarsh_3_000000001	25056000.0	1	1	0.3929895460585587	0.7859790921171174	0.532890838616071	1.065781677232142	1.0	0.6385888457298279	55744161.873352766	80553788.21416274	55744161.873352766	0.029343605477732987	0.24937720388903087	1.3321611670681175	25056000.0	0.067350116	1.7264808725202803
Saltmarsh_3_000000001	25142400.0	1	1	0.39756244971711485	0.7951248994342297	0.5360123211791765	1.072024642358353	1.0	0.6385862231254578	57053689.73492883	81203609.69002455	57053689.73492883	0.030274475023063352	0.25499397365158083	1.3624356420911812	25142400.0	0.067350376	1.765716592150171
Saltmarsh_3_000000001	25228800.0	1	1	0.40216126967185467	0.8043225393437093	0.5391873206085339	1.0783746412170678	1.0	0.6385529637336731	58389190.778082125	81873133.32536212	58389190.778082125	0.03115702923951741	0.2607889246508932	1.3935926713306985	25228800.0	0.067353575	1.8060961020445851
Saltmarsh_3_000000001	25315200.0	1	1	0.40677514335578707	0.8135502867115741	0.5424086432786958	1.0848172865573915	1.0	0.6383256316184998	59747842.44098844	82539804.01779488	59747842.44098844	0.03198640353658555	0.26675280866835666	1.4255790748672843	25315200.0	0.067375462	1.8475504810280003
Saltmarsh_3_000000001	25401600.0	1	1	0.41139217918660875	0.8227843583732175	0.5456696374920819	1.0913392749841637	1.0	0.637248694896698	61126644.190527335	83116111.7629782	61126644.190527335	0.032757774616821334	0.27287544633581534	1.4583368494841058	25401600.0	0.067479058	1.8900045569314012
Saltmarsh_3_000000001	25488000.0	1	1	0.41599662191097864	0.8319932438219573	0.5489656449769499	1.0979312899538998	1.0	0.6332717537879944	62522135.432346374	83328253.20135817	62522135.432346374	0.03346494212210305	0.2791457350396288	1.4918017916062087	25488000.0	0.067860481	1.9333751219216466
Saltmarsh_3_000000001	25574400.0	1	1	0.4205615827261237	0.8411231654522474	0.5522974007134698	1.1045948014269396	1.0	0.6209530234336853	63929505.96556077	82443513.332223	63929505.96556077	0.034096144495488756	0.2855513853323151	1.5258979361016975	25574400.0	0.069031214	1.9775637251878
Saltmarsh_3_000000001	25660800.0	1	1	0.42503136300611605	0.8500627260122321	0.5556789890651352	1.1113579781302705	1.0	0.5872702598571777	65340271.87737544	78689681.03929153	65340271.87737544	0.034623502944284956	0.29207785644259227	1.5605214390459823	25660800.0	0.072162399	2.022435785003593
Saltmarsh_3_000000001	25747200.0	1	1	0.42927688085609345	0.8585537617121869	0.5591579315654053	1.1183158631308106	1.0	0.5035860538482666	66736541.42670919	68121324.65572838	66736541.42670919	0.034977435918812305	0.29870527121473367	1.5954988749647943	25747200.0	0.079681236	2.067766541954373
Saltmarsh_3_000000001	25833600.0	1	1	0.4169365010942071	0.8338730021884142	0.5520004348014946	1.1040008696029893	1.0	0.3250434398651123	68076424.8333597	44422188.23623012	44422188.23623012	-0.08328949244603412	0.3054004336271847	1.5122093825187606	25833600.0	0.096237544	1.9598233597443138
Saltmarsh_3_000000001	25920000.0	1	1	0.37915753368247473	0.7583150673649495	0.5315963084116568	1.0631926168233137	1.0	0.09461477398872375	64218709.704952314	12726138.344473394	12726138.344473394	-0.22582698725375727	0.28945767897612423	1.2863823952650029	25920000.0	0.130189928	1.667151584263444
Saltmarsh_3_000000001	26006400.0	1	1	0.3277040980055544	0.6554081960111088	0.5077596821806822	1.0155193643613645	1.0	0.005427751690149307	53108143.449259646	700565.8491031583	700565.8491031583	-0.24272845771354093	0.24623128695905672	1.0436539375514622	26006400.0	0.195795288	1.352575503066695
Saltmarsh_3_000000001	26092800.0	1	1	0.3273556768383439	0.6547113536766878	0.5076146668033674	1.0152293336067348	1.0	0.6385889649391174	39672126.956363	79651992.59717354	39672126.956363	-0.001409086204022969	0.19976972098583798	1.0422448513474394	26092800.0	0.067350109	1.3507493273462814
Saltmarsh_3_000000001	26179200.0	1	1	0.3269688380253492	0.6539376760506984	0.5074539261639783	1.0149078523279567	1.0	0.6385889649391174	39587811.49839355	79641408.12308122	39587811.49839355	-0.0015609450099031696	0.19950000250187092	1.0406839063375362	26179200.0	0.067350109	1.3487263426134468
Saltmarsh_3_000000001	26265600.0	1	1	0.3265391072175825	0.653078214435165	0.5072756892637644	1.0145513785275289	1.0	0.6385888457298279	39494304.315266624	79629775.81938536	39494304.315266624	-0.00172969457703398	0.1992012161533671	1.038954211760502	26265600.0	0.067350116	1.3464846584416104
Saltmarsh_3_000000001	26352000.0	1	1	0.32606143296413603	0.6521228659282721	0.5070779704653213	1.0141559409306427	1.0	0.6385860443115234	39390558.85491154	79616686.5885043	39390558.85491154	-0.0019173345417027032	0.19887012881626043	1.0370368772187997	26352000.0	0.067350391	1.3439997928755645
Saltmarsh_3_000000001	26438400.0	1	1	0.32553009894862106	0.6510601978972421	0.5068585399367495	1.013717079873499	1.0	0.6385510563850403	39275399.0281637	79598368.69107029	39275399.0281637	-0.0021261294677722697	0.1985031246085908	1.0349107477510273	26438400.0	0.067353759	1.3412443290853313
Saltmarsh_3_000000001	26524800.0	1	1	0.324938619681174	0.649877239362348	0.506614889196286	1.013229778392572	1.0	0.638312816619873	39147500.72229379	79553406.77998012	39147500.72229379	-0.002358650568252324	0.19809615417972126	1.0325520971827753	26524800.0	0.067376696	1.3381875179488767
Saltmarsh_3_000000001	26611200.0	1	1	0.3242796157482423	0.6485592314964846	0.5063441907508663	1.0126883815017327	1.0	0.637189507484436	39005370.09177358	79396759.54864335	39005370.09177358	-0.0026178255546058238	0.1976446760134737	1.0299342716281694	26611200.0	0.067484748	1.3347948160301077
Saltmarsh_3_000000001	26697600.0	1	1	0.3235446636009514	0.6470893272019028	0.5060432505686148	1.0120865011372295	1.0	0.6330601572990417	38847317.924017414	78864182.04527315	38847317.924017414	-0.002906998569332464	0.19714358818941954	1.0270272730588368	26697600.0	0.067880724	1.3310273458842525
Saltmarsh_3_000000001	26784000.0	1	1	0.32272411335697304	0.6454482267139461	0.5057084517955492	1.0114169035910985	1.0	0.6203254461288452	38671429.18957287	77258497.9046874	38671429.18957287	-0.0032300027243870044	0.19658714867225136	1.0237972703344496	26784000.0	0.069090449	1.3268412623534467
Saltmarsh_3_000000001	26870400.0	1	1	0.32180686604573505	0.6436137320914701	0.5053356876939402	1.0106713753878804	1.0	0.5856500267982483	38475526.63746326	72920117.71250805	38475526.63746326	-0.003591248528985902	0.1959688817163022	1.0202060218054636	26870400.0	0.072310859	1.322187004259881
Saltmarsh_3_000000001	26956800.0	1	1	0.3207800989153394	0.6415601978306787	0.5049202812058572	1.0098405624117144	1.0	0.49990954995155334	38257126.96419759	62226221.15254803	38257126.96419759	-0.00399583252277852	0.19528146734376647	1.0162101892826847	26956800.0	0.080008043	1.3170084053103595
Saltmarsh_3_000000001	27043200.0	1	1	0.3196289235028898	0.6392578470057796	0.5044568877763689	1.0089137755527378	1.0	0.3187473714351654	38013387.63633468	39663532.34770452	38013387.63633468	-0.0044496718473643615	0.19451661002903778	1.0117605174353206	27043200.0	0.096878541	1.3112416305961756
Saltmarsh_3_000000001	27129600.0	1	1	0.2789902009314701	0.5579804018629402	0.4897010024701803	0.9794020049403606	1.0	0.0903649553656578	37741041.83309754	11240806.860667206	11240806.860667206	-0.13746084732087058	0.19366488162420661	0.8742996701144499	27129600.0	0.131315263	1.133092372468327
Saltmarsh_3_000000001	27216000.0	1	1	0.20524336706492446	0.41048673412984893	0.470815329384303	0.941630658768606	1.0	0.005017885472625494	28754090.792461168	623343.5694933679	623343.5694933679	-0.16423626657814072	0.16735298442560756	0.7100634035363089	27216000.0	0.197549255	0.9202421709830565
Saltmarsh_3_000000001	27302400.0	1	1	0.15902856611473132	0.31805713222946264	0.4637566640303146	0.9275133280606292	1.0	0.6385889649391174	15561806.177261671	83809143.37218535	15561806.177261671	-0.05810687275077092	0.13591590363707928	0.6519565307855381	27302400.0	0.067350109	0.8449356638980573
