salinity,n,total_volume,volume_per_plant,h_ag,ag_bg_ratio,num_plants,pft
35,1,20.307807101923242,1.569149737894487,0.7675120978479378,0.9969507401251343,13.608695652173912,0
35,2,20.898918807378884,1.5601914808721118,0.750973077433091,0.9694611000416503,14.380434782608695,0
35,3,18.10223519652676,1.210304914782473,0.6884601526451295,1.026192494530112,15.630434782608695,0
35,4,19.31786606715032,1.2656287811672855,0.7148791779607935,1.0230520647023027,16.059782608695652,0
35,5,18.714376177882794,1.184813898683832,0.7002482082687171,1.0050188160382394,16.35326086956522,0
35,6,17.90220027160604,1.1398806203174439,0.7073163410556547,0.991764002387774,16.38586956521739,0
35,7,20.81907110379293,1.4622302998221843,0.7312834963862455,1.0216933465997726,15.081521739130435,0
35,8,19.54360190365667,1.3502070836396363,0.7347520391825713,0.9700625248646086,15.157608695652174,0
35,9,18.494086828621903,1.284935823881036,0.7107518532547255,1.0336385520722928,15.070652173913043,0
35,10,19.114759567937046,1.442730956260202,0.7576377884749488,0.9920741107556248,14.021739130434783,0
70,1,10.530724870760169,0.2727964010916941,0.4546251753985526,0.7075000770736175,38.81521739130435,0
70,2,10.660347617236855,0.2930471153855139,0.4615038348510641,0.7070251336117288,36.91847826086956,0
70,3,10.294699260432141,0.258605689727572,0.44403720055421064,0.6870444976387066,40.05434782608695,0
70,4,10.526422737394222,0.2613062860681597,0.4457611240493534,0.7025026652532794,40.44021739130435,0
70,5,10.3726843259419,0.2839394965184738,0.4607375504042304,0.6958870768253896,36.880434782608695,0
70,6,10.185217456093497,0.2699632926586321,0.45108786564440395,0.692197359419883,37.93478260869565,0
70,7,10.501224676610873,0.29119002603287575,0.4618942606952064,0.6853833478098036,36.27717391304348,0
70,8,10.568919472233558,0.27915636705484115,0.4511767611500882,0.6902297508173417,38.08695652173913,0
70,9,10.431181687610188,0.2651830036160411,0.45403938675378575,0.7067147868332462,39.51086956521739,0
70,10,10.382890018103854,0.28981664814583696,0.45857400213422567,0.6991570938596299,36.14673913043478,0
105,1,4.844382562188139,0.02327569511957461,0.18207477559599833,0.43406451788485034,208.7173913043478,0
105,2,4.908908146220776,0.023090902174872863,0.17963891897356699,0.4286196816800609,213.02717391304347,0
105,3,4.893281089529096,0.02305504309667433,0.18125287887716257,0.4314336499220062,212.5923913043478,0
105,4,4.904471833966096,0.023923571978416252,0.18369787434097626,0.4375887656536885,205.20108695652175,0
105,5,4.830688782724665,0.023331462778483275,0.18192335995433073,0.4376554134723598,207.44565217391303,0
105,6,4.890208888444664,0.023376691555621262,0.1819713085890576,0.43521255649454516,209.4076086956522,0
105,7,4.8480811161543365,0.022603768902175178,0.18038293569383496,0.43474976125823817,214.70108695652175,0
105,8,4.826145439214901,0.022803098788405696,0.18055788760567865,0.4297127892318658,211.81521739130434,0
105,9,4.837822720416677,0.022992506422177178,0.18074087088490048,0.4323562087860664,211.125,0
105,10,4.879071093739883,0.02377665114182236,0.18376434870370822,0.4370012768841032,205.5054347826087,0
140,1,1.305061532405444,0.010775763908171145,0.1315702759269331,0.28998431167880556,121.25,0
140,2,1.300460498292274,0.010898755394580238,0.1320014119438168,0.2865750169757494,119.48913043478261,0
140,3,1.3197139283537935,0.011142956191354216,0.13243728014963282,0.2879482816621131,118.875,0
140,4,1.3051046306953331,0.01122883224881486,0.13309469186876066,0.28854326522578616,116.6086956521739,0
140,5,1.2924160802350118,0.010539916679329225,0.13111751593488305,0.291816688267093,122.7554347826087,0
140,6,1.326639458887759,0.010967608125932221,0.13203325235759183,0.28390485259372966,121.05978260869566,0
140,7,1.303299732356967,0.011066479905171251,0.1321900909012051,0.285949252236027,118.0163043478261,0
140,8,1.2984065080539098,0.010651177722457454,0.13182532403576472,0.29207901172562156,121.9945652173913,0
140,9,1.3137233137605342,0.011041608332721472,0.13210591811843492,0.27946593543011305,119.2336956521739,0
140,10,1.3314498989276677,0.01109689140554204,0.1321882335005824,0.282230449135403,120.30434782608695,0
