salinity,pft,n,total_volume,volume_per_plant,h_ag,ag_bg_ratio,num_plants
35,1,1,15.784629555816101,2.7810634527101636,1.0159822336689628,0.889738342419665,6.0271739130434785
35,1,2,17.286227733719862,2.6100678067256764,0.9845473920070759,0.9005679995113176,7.266304347826087
35,1,3,10.57209296093508,1.8640507309590313,0.8195871364800807,0.9808394032181663,5.951086956521739
35,1,4,11.408357538079025,2.4561398028775225,0.9477851605549089,0.9634063545154088,5.125
35,1,5,9.53464073758127,2.1535520978235367,0.8505356506444756,0.985233671543235,4.836956521739131
35,1,6,9.771470610278064,1.9322714996418575,0.8730628174962026,0.9805598427090682,5.445652173913044
35,1,7,15.811610818835023,2.8407470921967466,1.001084411646331,0.8812976459692652,6.0978260869565215
35,1,8,11.367614832230599,2.485734327493583,0.9836944146948149,0.8926576369270481,4.820652173913044
35,1,9,9.775042308028548,2.382938378914135,0.9302348478303715,0.9538680706812646,4.429347826086956
35,1,10,11.887704497641028,2.6441520358578243,0.9845001249249549,0.9220180450588146,4.929347826086956
35,2,1,2.3271693277139316,0.7735909006891967,0.6247616790956487,1.073299312931578,3.0217391304347827
35,2,2,2.645720937602,0.8523638241260854,0.626138550592513,1.0034221267747474,3.4347826086956523
35,2,3,5.285006288534827,1.2059708316677669,0.734802767205027,0.9759556769394232,4.298913043478261
35,2,4,5.4323522068507275,1.2494903636669386,0.762220966238357,0.939289063038593,4.586956521739131
35,2,5,4.243567297503764,1.2047199802140915,0.7368669925923882,0.9873795906095065,4.260869565217392
35,2,6,4.738401147994981,1.0064050286011974,0.6990373129447309,0.9759347288159875,4.896739130434782
35,2,7,3.3192249973594237,0.9462258188731943,0.6633942722378318,1.0088972560260774,3.8152173913043477
35,2,8,5.891437637582707,1.2831605283539687,0.7292138251459496,0.9355280725530374,4.657608695652174
35,2,9,5.3188280005776845,1.3152829130837447,0.7501862807761823,0.9914700190796268,4.228260869565218
35,2,10,4.662807748944762,1.1960299054581214,0.79019396040745,0.8979652629739547,4.021739130434782
35,3,1,1.7062207019804174,0.6035281560669443,0.5520120626102594,1.0977200541524996,2.494565217391304
35,3,2,0.4598192552890668,0.22451689678968484,0.4412964741325259,0.9974550192053127,1.934782608695652
35,3,3,1.368363834031731,0.6817164563609048,0.5849515829351619,1.100829395352801,2.4456521739130435
35,3,4,1.3558330572271595,0.4247739851938473,0.5230725998234619,1.0458677733747859,3.3152173913043477
35,3,5,3.4662122750733952,0.805894474120256,0.6509207507350795,0.9858438625137531,4.516304347826087
35,3,6,2.7412769153730743,0.6879590477139894,0.6346885536926105,1.0246601821775043,4.0
35,3,7,1.279537302860316,0.37717691907239875,0.49499751468987835,1.221656341499121,3.032608695652174
35,3,8,0.98802657418131,0.3645566696894371,0.49301525896552134,1.0877322660844582,2.9402173913043477
35,3,9,2.900795881368233,0.7964287044294561,0.6309550117699425,1.0940107951705862,3.7989130434782608
35,3,10,2.0527763517667474,0.730715857338094,0.5865509259176797,1.0916462814324626,2.8097826086956523
35,4,1,0.4897875164127916,0.24579605929944393,0.47191981955490514,1.0390448106677834,2.0652173913043477
35,4,2,0.5071508807679524,0.39459370241444136,0.5055736039902342,0.9791639221342193,1.7445652173913044
35,4,3,0.8767721130251204,0.2791406956133554,0.44854360084560035,1.1537326936269996,2.9347826086956523
35,4,4,1.121323264993407,0.39464418505377985,0.4990831556031146,1.2165785884140603,3.032608695652174
35,4,5,1.4699558677243618,0.4844430269003258,0.5302699804261755,1.0777357948557693,2.739130434782609
35,4,6,0.6510515979599223,0.32079265365487947,0.46740346127952814,0.9444750857974952,2.0434782608695654
35,4,7,0.4086979847381665,0.1887029857284094,0.4200748964789411,1.1778434694852156,2.135869565217391
35,4,8,1.2965228596620515,0.5383939491597659,0.5788707451730227,0.9840556917529987,2.739130434782609
35,4,9,0.49942063864743763,0.18387215179724556,0.39747862133446854,1.1473854821987786,2.614130434782609
35,4,10,0.5114709695845072,0.24150337289962523,0.41510077617962493,1.1471167766624266,2.260869565217391
70,1,1,1.5827389515485444,0.21789645729173407,0.4112595327632411,0.6378591511273325,7.157608695652174
70,1,2,1.293190234268943,0.17192563760941115,0.37640887852546734,0.6659251957422915,7.135869565217392
70,1,3,2.1261347885355013,0.2462547079325365,0.42034551509055246,0.6028969753469018,8.842391304347826
70,1,4,2.1039915888746137,0.24264921213030807,0.42451722986517326,0.6267976759981514,8.76086956521739
70,1,5,2.0377673984485263,0.2134190784458483,0.4247930396437716,0.6219363918068399,9.532608695652174
70,1,6,2.894784494592999,0.2784345764325602,0.44947778613757017,0.5839758137549713,10.548913043478262
70,1,7,1.6273508031546517,0.21831771061272578,0.4048995348445344,0.6559462778785232,7.521739130434782
70,1,8,2.925778357403037,0.27198100968647626,0.4521517385166111,0.5941936232240043,10.73913043478261
70,1,9,2.463908276281387,0.25917165795369707,0.44688044914246644,0.6232818694935113,9.967391304347826
70,1,10,2.466226216606317,0.3037838407955198,0.45291398828907564,0.6089738747873773,8.418478260869565
70,2,1,3.5031452353239114,0.2642466278772936,0.452648760024121,0.6585831502987454,13.478260869565217
70,2,2,1.9124283122629162,0.23476804546769198,0.4142029073896644,0.6876614112554471,7.701086956521739
70,2,3,2.725447726872298,0.2649712467017076,0.4496913338251432,0.6598857053434083,10.472826086956522
70,2,4,2.414052018507794,0.23510286420321702,0.425039869285243,0.7016023316042086,10.53804347826087
70,2,5,3.098137804887096,0.35105017204411404,0.4940783700499498,0.6501271130463223,9.130434782608695
70,2,6,2.190549182053762,0.2597733757616327,0.4396400822913511,0.6669720987642809,8.559782608695652
70,2,7,2.3409793526098905,0.23801009823516422,0.42634771046677505,0.6669757067014135,9.967391304347826
70,2,8,1.8343508207771235,0.24929231359533044,0.4222431941764763,0.6536667773130661,7.913043478260869
70,2,9,1.8977643827490425,0.2539082689165757,0.4477196861759756,0.6760611912305718,7.576086956521739
70,2,10,1.204056208082581,0.18983607887441617,0.3907753149350204,0.681785828624481,6.25
70,3,1,2.416875269980398,0.3012483473650227,0.46004828379022,0.7205370567942364,8.21195652173913
70,3,2,3.864190303112319,0.35741843740859297,0.508824273056461,0.6764322967687364,10.902173913043478
70,3,3,2.601044717834699,0.28409631937161434,0.45430437357200665,0.6959498696566054,9.402173913043478
70,3,4,3.6254308022174007,0.28136852603242074,0.46295326660880287,0.7164598593819125,12.717391304347826
70,3,5,1.6502939521677693,0.23505143008141796,0.4370908312663809,0.7378345368659637,7.070652173913044
70,3,6,2.475143452177924,0.26779339445418904,0.45679012906005306,0.7320139314925899,9.0
70,3,7,3.257983804289129,0.3294577222837523,0.49862259673753245,0.6605121866378564,9.76086956521739
70,3,8,2.8059622201261276,0.29582065330662144,0.46250235618165964,0.7291342980214405,9.820652173913043
70,3,9,2.393652088383245,0.25707184991184884,0.44799300904674116,0.7461977054398897,9.467391304347826
70,3,10,3.1730153829281686,0.2927119931452086,0.47056077379327627,0.7293908636078706,10.625
70,4,1,3.027965413907315,0.2987092780517849,0.4818737589061218,0.805290181246802,9.967391304347826
70,4,2,3.590538767592678,0.324818131494684,0.4868006258030256,0.7795468633061556,11.179347826086957
70,4,3,2.8420720271896416,0.2543119230688506,0.4547748814915609,0.7679825179126283,11.33695652173913
70,4,4,2.3829483277944137,0.283491375915953,0.4695436373575363,0.7653560631522068,8.423913043478262
70,4,5,3.5864851704385092,0.32538364025521505,0.4864934651681093,0.7648974892467223,11.146739130434783
70,4,6,2.624740327268812,0.27123482356168627,0.4544322385273028,0.7883566473706984,9.826086956521738
70,4,7,3.2749107165572013,0.3513281430482499,0.4975010677550841,0.7763026520184838,9.027173913043478
70,4,8,3.0028280739272697,0.32204313934207923,0.4781827677292626,0.7801862091267454,9.61413043478261
70,4,9,3.675856940196514,0.2940552291979462,0.4738301643668046,0.7611363443406841,12.5
70,4,10,3.5395922104867883,0.32105479122054437,0.48582215129642903,0.7501104696096151,10.853260869565217
105,1,1,0.015586676070994959,0.0037418326917808935,0.11533149533755133,0.5737693578905106,3.847826086956522
105,1,2,0.010903381022308421,0.004290134820096027,0.11751235869379405,0.5966863379787786,2.3097826086956523
105,1,3,0.018164263096156593,0.0067112100973585696,0.1313081428764914,0.49592957325510456,3.222826086956522
105,1,4,0.017745977668992215,0.006264569493384094,0.12743496672438268,0.5371005804823371,2.875
105,1,5,0.023993946521761268,0.006163345460282672,0.1272618527196181,0.5228133921453767,3.7934782608695654
105,1,6,0.014685703278674623,0.004711644026689768,0.11957705667844382,0.541702034085708,2.972826086956522
105,1,7,0.02533997924224757,0.0056016816801375945,0.11959423058833595,0.5046698175487949,4.010869565217392
105,1,8,0.026814465448534074,0.006562337014370796,0.12547082254661412,0.5017675920782231,4.038043478260869
105,1,9,0.0172461421870906,0.005280072503951843,0.12043157696553387,0.539899039386379,3.407608695652174
105,1,10,0.01477177170084556,0.004965044961015,0.12106313090263027,0.5407844184719609,2.8532608695652173
105,2,1,0.11898647861356472,0.008355886212648987,0.1341144970281051,0.44470953165073324,14.173913043478262
105,2,2,0.1113317173869153,0.007642004436844068,0.13181029292989002,0.4482170655294207,14.592391304347826
105,2,3,0.11169069237829542,0.007209405234997489,0.13054825028983663,0.4678546483574452,15.543478260869565
105,2,4,0.07806943837599636,0.007194840738008148,0.13138874326303107,0.49785062590568924,10.951086956521738
105,2,5,0.11543754199729409,0.007992340018035725,0.13382449772203922,0.46815924306989726,14.646739130434783
105,2,6,0.12293840629900867,0.008592376167630335,0.13586837470070892,0.4724298957535199,14.38586956521739
105,2,7,0.09749447280870073,0.0074437337463612585,0.13235470860768012,0.47890525887984264,13.293478260869565
105,2,8,0.10333391518811612,0.007336354169406162,0.13169901549979163,0.4693547061038413,14.059782608695652
105,2,9,0.13841052708671547,0.008153718464987426,0.13412130918831663,0.45511651787564256,17.63586956521739
105,2,10,0.10360113023623285,0.007910355392913638,0.1328538821170487,0.4745044980037612,13.228260869565217
105,3,1,0.7248255480802896,0.014243474873723997,0.1586752672035398,0.437913393270196,51.03260869565217
105,3,2,0.8025525965590071,0.013516117767117208,0.15555762541100066,0.44262307979003007,59.28260869565217
105,3,3,0.7355773140902544,0.013447410879025495,0.1557754305290216,0.44079286694372855,54.76086956521739
105,3,4,0.7552877342020088,0.013855677060526428,0.1580570229799147,0.45091215978356636,54.55434782608695
105,3,5,0.6906635010133223,0.013091662258361255,0.15454085815510674,0.4540322589553561,52.67934782608695
105,3,6,0.7136998822245025,0.013132504988434575,0.15527372902716197,0.4519145651499604,54.5
105,3,7,0.7166377693809286,0.013345113723095065,0.15516937926322602,0.45429455189123424,54.17934782608695
105,3,8,0.7998775057957337,0.014074743439707642,0.15724520478457701,0.4388987290219378,56.85326086956522
105,3,9,0.7724814340371068,0.014422427747391955,0.1581149204286184,0.4355835266220585,53.59239130434783
105,3,10,0.5803114736974828,0.012441494939810198,0.15396820646601156,0.4578204246502446,46.75
105,4,1,3.984983859423289,0.028573042576646772,0.19707938896966554,0.4282576706774973,139.66304347826087
105,4,2,3.984120451252546,0.029196300296000687,0.19615248827517764,0.4179472299626461,136.8423913043478
105,4,3,4.027848819964389,0.028997165037964318,0.19831215665549085,0.42288878565355253,139.06521739130434
105,4,4,4.053368683719098,0.029671638858516276,0.19931189020155135,0.42560594960777764,136.82065217391303
105,4,5,4.000593793192287,0.029397054143538503,0.19917498060454866,0.425499490066777,136.32608695652175
105,4,6,4.038884896642479,0.029413698821537076,0.19879151489371052,0.42225700898484925,137.54891304347825
105,4,7,4.008608894722459,0.028065920807400196,0.19621288332260417,0.42152574941873866,143.2173913043478
105,4,8,3.8961195527825176,0.028510755647668272,0.19691371289833165,0.4195801192793637,136.8641304347826
105,4,9,3.909684617105764,0.028697498204173173,0.19715182083718089,0.4250548265514301,136.4891304347826
105,4,10,4.180386718105322,0.029316952586750468,0.19940174709638606,0.4246574884205879,142.67391304347825
140,1,1,0.0,,,,0.0
140,1,2,0.0,,,,0.0
140,1,3,0.0,,,,0.0
140,1,4,0.0,,,,0.0
140,1,5,0.0,,,,0.0
140,1,6,0.0,,,,0.0
140,1,7,0.0,,,,0.0
140,1,8,0.0,,,,0.0
140,1,9,0.0,,,,0.0
140,1,10,0.0,,,,0.0
140,2,1,0.0,,,,0.0
140,2,2,0.0,,,,0.0
140,2,3,0.0,,,,0.0
140,2,4,0.0,,,,0.0
140,2,5,0.0,,,,0.0
140,2,6,0.0,,,,0.0
140,2,7,0.0,,,,0.0
140,2,8,0.0,,,,0.0
140,2,9,0.0,,,,0.0
140,2,10,0.0,,,,0.0
140,3,1,0.0,,,,0.0
140,3,2,0.0,,,,0.0
140,3,3,0.0,,,,0.0
140,3,4,0.0,,,,0.0
140,3,5,0.0,,,,0.0
140,3,6,0.0,,,,0.0
140,3,7,0.0,,,,0.0
140,3,8,0.0,,,,0.0
140,3,9,0.0,,,,0.0
140,3,10,0.0,,,,0.0
140,4,1,1.305061532405444,0.010775763908171145,0.1315702759269331,0.28998431167880556,121.25
140,4,2,1.300460498292274,0.010898755394580238,0.1320014119438168,0.2865750169757494,119.48913043478261
140,4,3,1.3197139283537935,0.011142956191354216,0.13243728014963282,0.2879482816621131,118.875
140,4,4,1.3051046306953331,0.01122883224881486,0.13309469186876066,0.28854326522578616,116.6086956521739
140,4,5,1.2924160802350118,0.010539916679329225,0.13111751593488305,0.291816688267093,122.7554347826087
140,4,6,1.326639458887759,0.010967608125932221,0.13203325235759183,0.28390485259372966,121.05978260869566
140,4,7,1.303299732356967,0.011066479905171251,0.1321900909012051,0.285949252236027,118.0163043478261
140,4,8,1.2984065080539098,0.010651177722457454,0.13182532403576472,0.29207901172562156,121.9945652173913
140,4,9,1.3137233137605342,0.011041608332721472,0.13210591811843492,0.27946593543011305,119.2336956521739
140,4,10,1.3314498989276677,0.01109689140554204,0.1321882335005824,0.282230449135403,120.30434782608695
