salinity,variant,pft,mean_value,min_value,max_value,err_lower,err_upper
35,V0,1,12.31993915931446,9.53464073758127,17.286227733719862,2.7852984217331898,4.966288574405402
35,V0,2,4.48728916138622,2.4468523217106477,5.967465561623744,2.040436839675572,1.4801764002375242
35,V0,3,1.8868699910671203,0.5287921435824268,3.4662122750733952,1.3580778474846935,1.579342284006275
35,V0,4,0.8429605903733093,0.4177801621767924,1.486109228908146,0.42518042819651686,0.6431486385348366
35,V1,1,9.29877972222716,6.624679799720603,11.700768921567542,2.6740999225065565,2.401989199340383
35,V1,2,4.818788882524733,3.5383035929513054,6.350115619740313,1.2804852895734276,1.53132673721558
35,V1,3,2.24706337817038,1.6576412470406583,2.835101350324706,0.5894221311297219,0.5880379721543258
35,V1,4,1.7355603667835282,1.2445924700217612,2.5905836044439137,0.490967896761767,0.8550232376603855
35,V2,1,14.026001742942167,12.117681454066208,17.555364284592397,1.9083202888759594,3.5293625416502294
35,V2,2,4.20327205130772,2.2146973095628595,5.954737062496068,1.9885747417448605,1.7514650111883476
35,V2,3,1.9540413725750825,0.859829503681661,2.771372762725769,1.0942118688934215,0.8173313901506867
35,V2,4,0.737079003272601,0.41451171261478614,1.2508333385093284,0.32256729065781486,0.5137543352367274
70,V0,1,2.152187110971452,1.293190234268943,2.925778357403037,0.8589968767025091,0.7735912464315851
70,V0,2,2.3131361472062277,1.204056208082581,3.5031452353239114,1.1090799391236468,1.1900090881176837
70,V0,3,2.826359199321718,1.6502939521677693,3.864190303112319,1.1760652471539486,1.0378311037906012
70,V0,4,3.1547937975359144,2.3829483277944137,3.675856940196514,0.7718454697415007,0.5210631426605996
70,V1,1,1.3563616012161404,0.2678859182244093,1.8281936635198999,1.088475682991731,0.4718320623037595
70,V1,2,1.1181888638854292,0.33466535238039546,2.2594703936200524,0.7835235115050336,1.1412815297346233
70,V1,3,1.9917430937993459,0.8662922711771088,2.862864934531701,1.125450822622237,0.8711218407323551
70,V1,4,6.6388997953897775,5.019743658679631,7.947366731015055,1.6191561367101466,1.3084669356252778
70,V2,1,3.1884878897462796,2.5511812017102486,3.543114394806625,0.637306688036031,0.3546265050603452
70,V2,2,2.681300746333867,2.351120048299437,3.3884718081211216,0.33018069803442973,0.7071710617872546
70,V2,3,2.5066428235200577,1.9030337557863561,2.9317455114563136,0.6036090677337016,0.42510268793625583
70,V2,4,2.50342618041004,2.1390468541330363,3.0687345881059023,0.36437932627700365,0.5653084076958623
105,V0,1,0.01957765457008586,0.012158921867301511,0.02742680106219737,0.007418732702784349,0.007849146492111509
105,V0,2,0.11012943203708399,0.07806943837599636,0.13841052708671547,0.032059993661087624,0.028281095049631486
105,V0,3,0.7291914759080637,0.5803114736974828,0.8025525965590071,0.14888000221058084,0.07336112065094347
105,V0,4,4.008460028691015,3.8961195527825176,4.180386718105322,0.1123404759084976,0.171926689414307
105,V1,1,0.5590962044070285,0.16986676503168416,1.102531488083595,0.38922943937534427,0.5434352836765666
105,V1,2,0.7508933964738529,0.46004665945504897,1.123787174706842,0.2908467370188039,0.3728937782329891
105,V1,3,1.9671590609738445,1.1930870363364443,2.7920851235515,0.7740720246374002,0.8249260625776553
105,V1,4,6.409500687376484,5.610700111869074,7.240051480936167,0.7988005755074106,0.8305507935596825
105,V2,1,0.06981135308412065,0.05397555005081273,0.0884471265540684,0.015835803033307914,0.018635773469947756
105,V2,2,0.2830905081477016,0.24619809308144505,0.3226979737451983,0.03689241506625654,0.03960746559749673
105,V2,3,1.0451813836793942,0.9958759217002301,1.1126790825973403,0.04930546197916408,0.0674976989179461
105,V2,4,3.3693575284081687,3.3379380919411257,3.432673236725031,0.03141943646704304,0.06331570831686228
